<?xml version="1.0" encoding="utf-8"?>

<Defs>
    <SoundDef>
        <defName>PlasmaRifle_Shot</defName>
        <context>MapOnly</context>
        <eventNames />
        <maxSimultaneous>1</maxSimultaneous>
        <subSounds>
            <li>
                <grains>
                    <li Class="AudioGrain_Clip">
                        <clipPath>Weapons/PlasmaRifle_Shot</clipPath>
                    </li>
                </grains>
                <volumeRange>
                    <min>44.2941</min>
                    <max>50.2941</max>
                </volumeRange>
                <pitchRange>
                    <min>1.191765</min>
                    <max>1.231435</max>
                </pitchRange>
                <sustainLoop>False</sustainLoop>
            </li>
        </subSounds>
    </SoundDef>

</Defs>