<?xml version="1.0" encoding="utf-8" ?>
<Defs>

  <CultureDef>
    <defName>CovenateCulture</defName>
    <label>The Covenate</label>
    <description>A culture based off the Covenate Emipre.</description>
    <pawnNameMaker>NamerSangheiliMale</pawnNameMaker>
    <pawnNameMakerFemale>NamerSangheiliFemale</pawnNameMakerFemale>
    <iconPath>World/WorldObjects/Expanding/Village</iconPath>
    <iconColor>(0.8, 0.8, 0.8)</iconColor>
    <ideoNameMaker MayRequire="Ludeon.RimWorld.Ideology">NamerIdeoAstropolitan</ideoNameMaker>
    <deityNameMaker MayRequire="Ludeon.RimWorld.Ideology">NamerDeitySangheili</deityNameMaker>
    <!--<deityNameMaker MayRequire="Ludeon.RimWorld.Ideology">NamerDeityAstropolitan</deityNameMaker>!-->
    <deityTypeMaker MayRequire="Ludeon.RimWorld.Ideology">DeityTypeMakerSangheili</deityTypeMaker>
    <!--<deityTypeMaker MayRequire="Ludeon.RimWorld.Ideology">DeityTypeMakerAstropolitan</deityTypeMaker>-->
    <leaderTitleMaker MayRequire="Ludeon.RimWorld.Ideology">LeaderTitleMaker_Astropolitan</leaderTitleMaker>
    <festivalNameMaker MayRequire="Ludeon.RimWorld.Ideology">NamerFestivalAstropolitan</festivalNameMaker>
    <allowedPlaceTags>
      <li>OriginSpacer</li>
    </allowedPlaceTags>
    <preferredWeaponClasses>
      <noble>Ultratech</noble>
      <despised>Neolithic</despised>
    </preferredWeaponClasses>
    <thingStyleCategories>
      <li MayRequire="Ludeon.RimWorld.Ideology">
        <category>Techist</category>
        <priority>2</priority>
      </li>
    </thingStyleCategories>
    <styleItemTags>
      <li>
        <tag>NoBeard</tag>
        <baseWeight>10</baseWeight>
        <weightFactor>1</weightFactor>
      </li>
      <li>
        <tag>NoTattoo</tag>
        <baseWeight>10</baseWeight>
        <weightFactor>1</weightFactor>
      </li>
    </styleItemTags>
  </CultureDef>

</Defs>
