﻿<?xml version="1.0" encoding="utf-8" ?>

<Defs>
  <FleshTypeDef>
  <defName>KigYar</defName>
	<ateDirect>AteHumanlikeMeatDirect</ateDirect>
	<ateAsIngredient>AteHumanlikeMeatAsIngredient</ateAsIngredient>
	<corpseCategory>CorpsesAnimal</corpseCategory>
	<damageEffecter>Damage_HitFlesh</damageEffecter>
		<genericWounds>
			<li>
				<texture>Things/Sangheili/Wounds/WoundFleshA</texture>
			</li>
			<li>
				<texture>Things/Sangheili/Wounds/WoundFleshB</texture>
			</li>
			<li>
				<texture>Things/Sangheili/Wounds/WoundFleshC</texture>
			</li>
		</genericWounds>
	  <bandagedWounds>
      <li>
        <texture>Things/Pawn/Wounds/BandagedA</texture>
      </li>
      <li>
        <texture>Things/Pawn/Wounds/BandagedB</texture>
      </li>
      <li>
        <texture>Things/Pawn/Wounds/BandagedC</texture>
      </li>
    </bandagedWounds>
		<hediffWounds>
			<li MayRequire="Ludeon.RimWorld.Ideology">
				<hediff>Scarification</hediff>
				<wounds>
					<li>
						<texture>Things/Pawn/Wounds/ScarificationA</texture>
						<tintWithSkinColor>true</tintWithSkinColor>
						<displayOverApparel>false</displayOverApparel>
						<displayPermanent>false</displayPermanent>
					</li>
					<li>
						<texture>Things/Pawn/Wounds/ScarificationB</texture>
						<tintWithSkinColor>true</tintWithSkinColor>
						<displayOverApparel>false</displayOverApparel>
						<displayPermanent>false</displayPermanent>
					</li>
					<li>
						<texture>Things/Pawn/Wounds/ScarificationC</texture>
						<tintWithSkinColor>true</tintWithSkinColor>
						<displayOverApparel>false</displayOverApparel>
						<displayPermanent>false</displayPermanent>
					</li>
				</wounds>
			</li>
			<li>
				<hediff>MissingBodyPart</hediff>
				<wounds>
					<li>
						<textureSouth>Things/Pawn/Wounds/MissingEye_Scar_south</textureSouth>
						<textureNorth>Things/Pawn/Wounds/MissingEye_Scar_south</textureNorth>
						<textureEast>Things/Pawn/Wounds/MissingEye_Scar_east</textureEast>
						<textureWest>Things/Pawn/Wounds/MissingEye_Scar_east</textureWest>
						<flipWest>true</flipWest>
						<onlyOnPart>Eye</onlyOnPart>
						<flipOnWoundAnchorTag>LeftEye</flipOnWoundAnchorTag>
						<flipOnRotation>South</flipOnRotation>
						<tintWithSkinColor>true</tintWithSkinColor>
						<missingBodyPartFresh>false</missingBodyPartFresh>
						<scale>0.7</scale>
					</li>
					<li>
						<textureSouth>Things/Sangheili/Wounds/MissingEye_Fresh</textureSouth>
						<textureNorth>Things/Sangheili/Wounds/MissingEye_Fresh</textureNorth>
						<textureEast>Things/Sangheili/Wounds/MissingEye_Fresh</textureEast>
						<textureWest>Things/Sangheili/Wounds/MissingEye_Fresh</textureWest>
						<flipWest>true</flipWest>
						<onlyOnPart>Eye</onlyOnPart>
						<flipOnWoundAnchorTag>LeftEye</flipOnWoundAnchorTag>
						<flipOnRotation>South</flipOnRotation>
						<missingBodyPartFresh>true</missingBodyPartFresh>
						<scale>0.7</scale>
					</li>
				</wounds>
			</li>
		</hediffWounds>
  </FleshTypeDef>
</Defs>