﻿<?xml version="1.0" encoding="utf-8" ?>
<Defs>
 
  <HediffDef ParentName="InjuryBase">
    <defName>Halo_Supercombine</defName>
    <hediffClass>HediffWithComps</hediffClass>
	<defaultLabelColor>(0.7, 1.0, 0.7)</defaultLabelColor>
	<description>When hit by enough blamite (needle) rounds, an explosion will occur at this pawn's location.</description>
    <label>supercombine</label>
	<tendable>true</tendable>
    <taleOnVisible>ToxicityRevealed</taleOnVisible>
    <comps>
      <li Class="HediffCompProperties_Disappears">
        <disappearsAfterTicks>
          <min>1000</min>
          <max>2000</max>
        </disappearsAfterTicks>
      </li>
	  <li Class="CovWeapons.HediffCompProperties_Supercombine">
        <independantHediffDef>Halo_Supercombine</independantHediffDef>
		<severityTriggerExplosion>1.00</severityTriggerExplosion>
		<explosionDef>Needler_Explosion</explosionDef>
		<explosionRadius>1.50</explosionRadius>
      </li>
    </comps>
    <stages>
      <li>
		<becomeVisible>False</becomeVisible>
      </li>
    </stages>
  </HediffDef>

</Defs>