<?xml version="1.0" encoding="utf-8" ?>
<Defs>

  <DamageDef ParentName="Halo_DamageBase">
    <defName>Needle</defName>
    <label>crystalline shard</label>
	<externalViolence>true</externalViolence>
    <deathMessage>{0} has been shot to death.</deathMessage>
    <hediff>Gunshot</hediff>
    <harmAllLayersUntilOutside>true</harmAllLayersUntilOutside>
    <impactSoundType>Bullet</impactSoundType>
    <armorCategory>Sharp</armorCategory>
    <additionalHediffs>
      <li>
        <hediff>Halo_Supercombine</hediff>
        <severityPerDamageDealt>0.025</severityPerDamageDealt>
      </li>
    </additionalHediffs>
  </DamageDef>
  
  <DamageDef ParentName="Halo_DamageBase">
    <defName>Needler_Explosion</defName>
    <label>super-combine</label>
    <externalViolence>true</externalViolence>
    <isExplosive>true</isExplosive>
    <deathMessage>{0} has died to super-combustion explosion.</deathMessage>
    <hediff>Shredded</hediff>
    <hediffSolid>Crack</hediffSolid>
    <harmAllLayersUntilOutside>true</harmAllLayersUntilOutside>
    <impactSoundType>Blunt</impactSoundType>
    <armorCategory>Sharp</armorCategory>
    <minDamageToFragment>15</minDamageToFragment>
    <defaultDamage>50</defaultDamage>
	<defaultStoppingPower>0.5</defaultStoppingPower>
    <defaultArmorPenetration>0.10</defaultArmorPenetration>
    <buildingDamageFactor>0.1</buildingDamageFactor>
    <plantDamageFactor>4</plantDamageFactor>
    <explosionAffectOutsidePartsOnly>false</explosionAffectOutsidePartsOnly>
    <explosionHeatEnergyPerCell>0</explosionHeatEnergyPerCell>
    <explosionCellFleck>BlastDry</explosionCellFleck>
    <explosionColorCenter>(1, 0.4, 1)</explosionColorCenter>
    <explosionColorEdge>(0.6, 0.5, 0.4)</explosionColorEdge>
    <soundExplosion>Needler_Explosion</soundExplosion>
    <combatLogRules>Damage_Bomb</combatLogRules>
  </DamageDef>
  
  <!-- use this at some point -->
  <!-- <explosionInteriorFleck>ElectricalSpark</explosionInteriorFleck> -->
  <DamageDef ParentName="Halo_DamageBase">
    <defName>PlasmaExplosion</defName>
    <label>plasma</label>
    <externalViolence>true</externalViolence>
    <isExplosive>true</isExplosive>
    <deathMessage>{0} has died in an explosion.</deathMessage>
    <hediff>Burn</hediff>
    <hediffSolid>Burn</hediffSolid>
    <harmAllLayersUntilOutside>true</harmAllLayersUntilOutside>
    <impactSoundType>Electric</impactSoundType>
    <armorCategory>Sharp</armorCategory>
    <minDamageToFragment>9</minDamageToFragment>
    <defaultDamage>50</defaultDamage>
	<defaultStoppingPower>1.5</defaultStoppingPower>
    <defaultArmorPenetration>1</defaultArmorPenetration>
    <buildingDamageFactor>0.1</buildingDamageFactor>
    <plantDamageFactor>0.5</plantDamageFactor>
    <explosionAffectOutsidePartsOnly>false</explosionAffectOutsidePartsOnly>
    <explosionHeatEnergyPerCell>6</explosionHeatEnergyPerCell>
    <explosionCellFleck>BlastEMP</explosionCellFleck>
    <explosionColorCenter>(0.26, 1, 0.9)</explosionColorCenter>
    <explosionColorEdge>(0.26, 1, 0.9)</explosionColorEdge>
	<explosionInteriorFleck>ElectricalSpark</explosionInteriorFleck>
    <soundExplosion>PlasmaExplosion</soundExplosion>
    <combatLogRules>Damage_Bomb</combatLogRules>
  </DamageDef>

</Defs>
