<?xml version="1.0" encoding="utf-8" ?>
<Defs>

	<ResearchTabDef>
		<defName>CovenantArmory</defName>
		<label>Covenant Tech</label>
	</ResearchTabDef>

	<ResearchProjectDef>
		<defName>CovenantArmory</defName>
		<label>Covenant Armory</label>
		<tab>CovenantArmory</tab>
		<techLevel>Spacer</techLevel>
		<description>Covenant armory is for races within the covenant. DO NOTE: These armors do not fit on humans</description>
		<baseCost>6000</baseCost>
		<prerequisites>
			<li>PoweredArmor</li>
		</prerequisites>
		<requiredResearchBuilding>HiTechResearchBench</requiredResearchBuilding>
		<requiredResearchFacilities>
			<li>MultiAnalyzer</li>
		</requiredResearchFacilities>
		<researchViewX>0</researchViewX>
		<researchViewY>1</researchViewY>
	</ResearchProjectDef>
	
</Defs>