﻿<?xml version="1.0" encoding="utf-8" ?>
<Defs>

	<FactionDef>
		<defName>CovenantFaction</defName>
		<label>The Covenant</label>
		<description>A Large linking of Covenant bases collectively owned by the Covenant Empire.</description>
		<pawnsPlural>Cov Citzen</pawnsPlural>
		<requiredCountAtGameStart>1</requiredCountAtGameStart>
		<settlementGenerationWeight>1</settlementGenerationWeight>
		<maxConfigurableAtWorldCreation>9999</maxConfigurableAtWorldCreation>
		<canMakeRandomly>true</canMakeRandomly>
		<canSiege>true</canSiege>
		<canStageAttacks>true</canStageAttacks>
		<leaderTitle>Supreme Commander</leaderTitle>
		<settlementNameMaker>Covenant_NamerFactionBases</settlementNameMaker>
		<factionNameMaker>Covenant_NamerFaction</factionNameMaker>
		<factionIconPath>World/CovBase</factionIconPath>
		<settlementTexturePath>World/WorldObjects/CovBase</settlementTexturePath>
                <permanentEnemy>true</permanentEnemy>
		<techLevel>Ultra</techLevel>
                <disallowedMemes>
                    <li MayRequire="Ludeon.RimWorld.Ideology">Structure_Animist</li>
                    <li MayRequire="Ludeon.RimWorld.Ideology">Nudism</li>
                    <li MayRequire="Ludeon.RimWorld.Ideology">Blindsight</li>
                    <li MayRequire="Ludeon.RimWorld.Ideology">PainIsVirtue</li>
                    <li MayRequire="Ludeon.RimWorld.Ideology">Darkness</li>
                    <li MayRequire="Ludeon.RimWorld.Ideology">Tunneler</li>
                    <li MayRequire="Ludeon.RimWorld.Ideology">Cannibal</li>
                    <li MayRequire="Ludeon.RimWorld.Ideology">FleshPurity</li>
                    <li MayRequire="Ludeon.RimWorld.Ideology">HighLife</li>
                    <li MayRequire="Ludeon.RimWorld.Ideology">MaleSupremacy</li>
                    <li MayRequire="Ludeon.RimWorld.Ideology">FemaleSupremacy</li>
                    <li MayRequire="Ludeon.RimWorld.Ideology">NaturePrimacy</li>
                </disallowedMemes>
		<requiredMemes>
			<li MayRequire="Ludeon.RimWorld.Ideology">Structure_Archist</li>
			<li MayRequire="Ludeon.RimWorld.Ideology">Loyalist</li>
			<li MayRequire="Ludeon.RimWorld.Ideology">Proselytizer</li>
		</requiredMemes>
		<backstoryCategories>
		    <li>SangheiliBackstory</li>
                    <li>Offworld</li>
		</backstoryCategories>
		<allowedCultures>
			<li>CovenateCulture</li>
		</allowedCultures>
		<visitorTraderKinds>
			<li>Visitor_Outlander_Standard</li>
		</visitorTraderKinds>
		<caravanTraderKinds>
			<li>Caravan_Outlander_BulkGoods</li>
			<li>Caravan_Outlander_CombatSupplier</li>
			<li>Caravan_Outlander_Exotic</li>
		</caravanTraderKinds>
		<baseTraderKinds>
			<li>Base_Outlander_Standard</li>
		</baseTraderKinds>
		<allowedArrivalTemperatureRange>
			<min>-20</min>
			<max>85</max>
		</allowedArrivalTemperatureRange>
		<raidLootMaker>OutlanderRaidLootMaker</raidLootMaker>
		<raidLootValueFromPointsCurve>
		  <points>
			<li>(35,     15)</li>
			<li>(100,   120)</li>
			<li>(1000,  500)</li>
			<li>(2000,  800)</li>
			<li>(40000, 10000)</li>
		  </points>
		</raidLootValueFromPointsCurve>
		<maxPawnCostPerTotalPointsCurve>
			<points>
				<li>(0,35)</li>
				<li>(70, 50)</li>
				<li>(700, 100)</li>
				<li>(1300, 150)</li>
				<li>(100000, 10000)</li>
		  </points>
		</maxPawnCostPerTotalPointsCurve>
		<pawnGroupMakers>
			<li>
				<kindDef>Combat</kindDef>
                                <commonality>30</commonality>
				<options>
                                        <UnggoyMinor>30</UnggoyMinor>
                                        <UnggoyMajor>20</UnggoyMajor>
					<SangheiliMinor>40</SangheiliMinor>
					<SangheiliMajor>20</SangheiliMajor>
					<SangheiliSpecOps>3</SangheiliSpecOps>
					<SangheiliUltra>5</SangheiliUltra>
                                        <CovSupremeCommander>1</CovSupremeCommander>
				</options>
			</li>
			<li>
				<kindDef>Combat</kindDef>
                                <commonality>10</commonality>
				<options>
					<SangheiliSpecOps>10</SangheiliSpecOps>
					<SangheiliUltra>5</SangheiliUltra>
					<SangheiliGeneral>1</SangheiliGeneral>
				</options>
			</li>
			<li>
				<kindDef>Combat</kindDef>
                                <commonality>30</commonality>
				<options>
                                        <UnggoyMinor>10</UnggoyMinor>
                                        <SangheiliRanger>15</SangheiliRanger>
					<SangheiliUltra>6</SangheiliUltra>
				</options>
			</li>
			<li>
				<kindDef>Combat</kindDef>
                                <commonality>10</commonality>
				<options>
                                        <SangheiliSpecOps>13</SangheiliSpecOps>
					<SangheiliZelaot>1</SangheiliZelaot>
				</options>
			</li>
			<li>
				<kindDef>Combat</kindDef>
                                <commonality>40</commonality>
				<options>
                                        <UnggoyMinor>25</UnggoyMinor>
                                        <UnggoyMajor>20</UnggoyMajor>
                                        <SangheiliMinor>50</SangheiliMinor>
				</options>
			</li>
			<li>
				<kindDef>Combat</kindDef>
                                <commonality>10</commonality>
				<options>
                                        <SangheiliUltra>10</SangheiliUltra>
                                        <UnggoyUltra>10</UnggoyUltra>

				</options>
			</li>
			<li>
				<kindDef>Combat</kindDef>
                                <commonality>10</commonality>
				<options>
                                        <SangheiliMinor>50</SangheiliMinor>
                                        <UnggoyUltra>10</UnggoyUltra>
                                        <UnggoySpecOps>15</UnggoySpecOps>
				</options>
			</li>
			<li>
				<kindDef>Combat</kindDef>
                                <commonality>50</commonality>
				<options>
                                        <SangheiliUltra>40</SangheiliUltra>
                                        <UnggoyMinor>15</UnggoyMinor>
				</options>
			</li>
			<li>
				<kindDef>Combat</kindDef>
                                <commonality>70</commonality>
				<options>
                                        <UnggoyMinor>55</UnggoyMinor>
					<SangheiliMinor>40</SangheiliMinor>
					<SangheiliMajor>25</SangheiliMajor>
				</options>
			</li>
			<li>
				<kindDef>Combat</kindDef>
                                <commonality>30</commonality>
				<options>
                                        <UnggoyMinor>30</UnggoyMinor>
					<UnggoyMajor>20</UnggoyMajor>
				</options>
			</li>
			<li>
				<kindDef>Trader</kindDef>
				<traders>
					<SangheiliTrader>1</SangheiliTrader>
				</traders>
				<carriers>
					<Muffalo>2</Muffalo>
					<Dromedary>2</Dromedary>
				</carriers>
				<guards>
                                        <UnggoyMinor>20</UnggoyMinor>
					<SangheiliMinor>20</SangheiliMinor>
					<SangheiliMajor>12</SangheiliMajor>
				</guards>
			</li>
			<li>
				<kindDef>Peaceful</kindDef>
				<options>
					<UnggoyColnist>50</UnggoyColnist>
                                        <SangheiliColnist>50</SangheiliColnist>
					<UnggoyMajor>10</UnggoyMajor>
					<SangheiliMajor>20</SangheiliMajor>
					<CovSupremeCommander>1</CovSupremeCommander>
				</options>
			</li>
			<li>
				<kindDef>Settlement</kindDef>
				<options>
                                        <UnggoyMinor>30</UnggoyMinor>
                                        <UnggoyMajor>20</UnggoyMajor>
                                        <UnggoyUltra>30</UnggoyUltra>
                                        <UnggoySpecOps>10</UnggoySpecOps>
					<SangheiliGuard>40</SangheiliGuard>
					<SangheiliMinor>45</SangheiliMinor>
                                        <SangheiliRanger>20</SangheiliRanger>
					<SangheiliMajor>10</SangheiliMajor>
					<SangheiliUltra>10</SangheiliUltra>
                                        <SangheiliZelaot>5</SangheiliZelaot>
					<SangheiliSpecOps>5</SangheiliSpecOps>
					<SangheiliGeneral>5</SangheiliGeneral>
					<CovSupremeCommander>1</CovSupremeCommander>
				</options>
			</li>
		</pawnGroupMakers>
		
		<xenotypeSet Inherit="False">
		<xenotypeChances>
		<SangheiliRace>1</SangheiliRace>
                <UnggoyRace>1</UnggoyRace>
		</xenotypeChances>
		</xenotypeSet>
		
	</FactionDef>

</Defs>