﻿<?xml version="1.0" encoding="utf-8" ?>
<Defs>

	<FactionDef Abstract="True" Name="CovenantFactionBase">
		<colorSpectrum>
		    <li>(0, 0.737, 0.847)</li>
		</colorSpectrum>
	</FactionDef>
  
	<FactionDef Parent="CovenantFactionBase">
		<defName>SangheiliPlayerColony</defName>
		<label>Sangheilie Covenant Colony</label>
		<description>Your own base.</description>
		<isPlayer>true</isPlayer>
		<basicMemberKind>Sangheili</basicMemberKind>
		
		<pawnSingular>colonist</pawnSingular>
		<pawnsPlural>colonists</pawnsPlural>
		
		<settlementNameMaker>NamerSettlementOutlander</settlementNameMaker>
		<playerInitialSettlementNameMaker>NamerInitialSettlementColony</playerInitialSettlementNameMaker>
		<factionNameMaker>NamerFactionOutlander</factionNameMaker>
		<allowedCultures>
			<li>CovenateCulture</li>
		</allowedCultures>
		<techLevel>Spacer</techLevel>

		<backstoryFilters>
			<li>
				<categories>
					<li>SangheiliBackstory</li>
				</categories>
			</li>
		</backstoryFilters>
		
		<settlementTexturePath>World/CovBase</settlementTexturePath>
		<factionIconPath>World/CovBase</factionIconPath>
		
		<melaninRange>1</melaninRange>
		<raidLootMaker>OutlanderRaidLootMaker</raidLootMaker>
		<raidLootValueFromPointsCurve>
		  <points>
			<li>(35,     15)</li>
			<li>(100,   120)</li>
			<li>(1000,  500)</li>
			<li>(2000,  800)</li>
			<li>(4000, 1000)</li>
		  </points>
		</raidLootValueFromPointsCurve>
		<startingResearchTags>
			<li>ClassicStart</li>
		</startingResearchTags>
		<apparelStuffFilter>
			<thingDefs>
				<li>Cloth</li>
			</thingDefs>
		</apparelStuffFilter>

	</FactionDef>
	
	<FactionDef Parent="CovenantFactionBase">
		<defName>UnggoyPlayerColony</defName>
		<label>Unggoy Covenant Colony</label>
		<description>Your own base.</description>
		<isPlayer>true</isPlayer>
		<basicMemberKind>Unggoy</basicMemberKind>
		
		<pawnSingular>colonist</pawnSingular>
		<pawnsPlural>colonists</pawnsPlural>
		
		<settlementNameMaker>NamerSettlementOutlander</settlementNameMaker>
		<playerInitialSettlementNameMaker>NamerInitialSettlementColony</playerInitialSettlementNameMaker>
		<factionNameMaker>NamerFactionOutlander</factionNameMaker>
		<allowedCultures>
			<li>CovenateCulture</li>
		</allowedCultures>
		<techLevel>Spacer</techLevel>

		<backstoryFilters>
			<li>
				<categories>
					<li>Offworld</li>
				</categories>
			</li>
		</backstoryFilters>
		
		<settlementTexturePath>World/CovBase</settlementTexturePath>
		<factionIconPath>World/CovBase</factionIconPath>
		
		<melaninRange>1</melaninRange>
		<raidLootMaker>OutlanderRaidLootMaker</raidLootMaker>
		<raidLootValueFromPointsCurve>
		  <points>
			<li>(35,     15)</li>
			<li>(100,   120)</li>
			<li>(1000,  500)</li>
			<li>(2000,  800)</li>
			<li>(4000, 1000)</li>
		  </points>
		</raidLootValueFromPointsCurve>
		<startingResearchTags>
			<li>ClassicStart</li>
		</startingResearchTags>
		<apparelStuffFilter>
			<thingDefs>
				<li>Cloth</li>
			</thingDefs>
		</apparelStuffFilter>

	</FactionDef>
  
</Defs>