﻿<?xml version="1.0" encoding="utf-8" ?>
<Defs>

  <!-- ============================ CovBase ========================== -->

  <PawnKindDef Name="CovBase" Abstract="True">
    <defaultFactionType>CovenantFaction</defaultFactionType>
    <race>Alien_Sangheili</race>
    <nameMaker>NamerSangheiliMale</nameMaker>
    <nameMakerFemale>NamerSangheiliFemale</nameMakerFemale>
    <backstoryFilters>
      <li>
        <categories>
          <li>Offworld</li>
        </categories>
        <commonality>0.8</commonality>
      </li>
      <li>
        <categories>
          <li>Outlander</li>
        </categories>
        <commonality>0.1</commonality>
      </li>
      <li>
        <categories>
          <li>Offworld</li>
        </categories>
        <commonality>0.1</commonality>
      </li>
    </backstoryFilters>
    <apparelAllowHeadgearChance>200</apparelAllowHeadgearChance>
    <apparelTags>
      <li>SangheiliUnderArmor</li>
    </apparelTags>
    <chemicalAddictionChance>0.001</chemicalAddictionChance>
	 <weaponTags>
	  <li>Covenant_PlasmaRifle</li>
    </weaponTags> 
    <initialWillRange>30~80</initialWillRange>
	<initialResistanceRange>11~18</initialResistanceRange>
  </PawnKindDef>

<!-- ============================ Cov UnggoyCivilian Base ========================== -->

  <PawnKindDef Name="CovUnggoyBase" Abstract="True">
    <defaultFactionType>CovenantFaction</defaultFactionType>
    <race>Alien_Unggoy</race>
    <nameMaker>NamerUnggoyMale</nameMaker>
    <nameMakerFemale>NamerUnggoyFemale</nameMakerFemale>
    <backstoryFilters>
      <li>
        <categories>
          <li>Offworld</li>
        </categories>
        <commonality>0.8</commonality>
      </li>
      <li>
        <categories>
          <li>Outlander</li>
        </categories>
        <commonality>0.1</commonality>
      </li>
      <li>
        <categories>
          <li>Offworld</li>
        </categories>
        <commonality>0.1</commonality>
      </li>
    </backstoryFilters>
    <apparelAllowHeadgearChance>200</apparelAllowHeadgearChance>
    <apparelTags>
      <li>UnggoyMinorArmor</li>
      <li>UnggoyMask</li>
    </apparelTags>
    <chemicalAddictionChance>0.012</chemicalAddictionChance>
	 <weaponTags>
	  <li>Cov_PlasmaPistol</li>
    </weaponTags> 
    <initialWillRange>30~80</initialWillRange>
	<initialResistanceRange>1~8</initialResistanceRange>
  </PawnKindDef>

<!-- ============================ Spec UnggoyCivilian Base ========================== -->

  <PawnKindDef Name="SpecUnggoyBase" Abstract="True">
    <defaultFactionType>CovenantFaction</defaultFactionType>
    <race>Alien_Unggoy</race>
    <nameMaker>NamerUnggoyMale</nameMaker>
    <nameMakerFemale>NamerUnggoyFemale</nameMakerFemale>
    <backstoryFilters>
      <li>
        <categories>
          <li>Offworld</li>
        </categories>
        <commonality>0.8</commonality>
      </li>
      <li>
        <categories>
          <li>Outlander</li>
        </categories>
        <commonality>0.1</commonality>
      </li>
      <li>
        <categories>
          <li>Offworld</li>
        </categories>
        <commonality>0.1</commonality>
      </li>
    </backstoryFilters>
    <apparelAllowHeadgearChance>200</apparelAllowHeadgearChance>
    <apparelTags>
    </apparelTags>
    <chemicalAddictionChance>0.012</chemicalAddictionChance>
	 <weaponTags>
	  <li>Cov_PlasmaPistol</li>
    </weaponTags> 
    <initialWillRange>30~80</initialWillRange>
	<initialResistanceRange>1~8</initialResistanceRange>
  </PawnKindDef>
  
  <!-- ============================ Cov Civilian Base ========================== -->

  <PawnKindDef Name="CovCivBase" ParentName="CovBase" Abstract="True">
    <combatPower>5</combatPower>
	<race>Alien_Sangheili</race>
    <itemQuality>Normal</itemQuality>
    <isFighter>false</isFighter>
    <gearHealthRange>
      <min>0.75</min>
      <max>2.0</max>
    </gearHealthRange>
    <apparelMoney>
      <min>9000</min>
      <max>15000</max>
    </apparelMoney>
    <weaponMoney>
      <min>1400</min>
      <max>2500</max>
    </weaponMoney>
    <weaponTags>
            <li>Cov_EnergySword</li>
	    <li>Cov_PlasmaPistol</li>
    </weaponTags>
	<apparelTags>
    	  <li>SangheiliUnderArmor</li>
	</apparelTags>
    <techHediffsMoney>
      <min>40000</min>
      <max>50000</max>
    </techHediffsMoney>
    <techHediffsTags>
      <li>Advanced</li>
      <li>Simple</li>
    </techHediffsTags>
    <techHediffsChance>0.01</techHediffsChance>
    <invNutrition>2.55</invNutrition>
    <inventoryOptions>
      <skipChance>0.45</skipChance>
      <subOptionsChooseOne>
        <li>
          <choiceChance>90</choiceChance>
          <thingDef>Silver</thingDef>
          <countRange>
            <min>30</min>
            <max>100</max>
          </countRange>
        </li>
        <li>
          <choiceChance>10</choiceChance>
          <thingDef>Silver</thingDef>
          <countRange>
            <min>700</min>
            <max>1000</max>
          </countRange>
        </li>
      </subOptionsChooseOne>
    </inventoryOptions>
    <initialWillRange>1~3</initialWillRange>
	<initialResistanceRange>11~18</initialResistanceRange>
  </PawnKindDef>

<!-- ============================ CovUnggoy Civilian Base ========================== -->

  <PawnKindDef Name="CovCivUnggoyBase" ParentName="CovUnggoyBase" Abstract="True">
    <combatPower>5</combatPower>
	<race>Alien_Unggoy</race>
    <itemQuality>Normal</itemQuality>
    <isFighter>false</isFighter>
    <gearHealthRange>
      <min>0.75</min>
      <max>2.0</max>
    </gearHealthRange>
    <apparelMoney>
      <min>9000</min>
      <max>15000</max>
    </apparelMoney>
    <weaponMoney>
      <min>14000</min>
      <max>25000</max>
    </weaponMoney>
    <weaponTags>
	    <li>Cov_PlasmaPistol</li>
    </weaponTags>
	<apparelTags>
          <li>UnggoyMask</li>
    	  <li>UnggoyMinorArmor</li>
	</apparelTags>
    <techHediffsMoney>
      <min>40000</min>
      <max>50000</max>
    </techHediffsMoney>
    <techHediffsTags>
      <li>Advanced</li>
      <li>Simple</li>
    </techHediffsTags>
    <techHediffsChance>0.01</techHediffsChance>
    <invNutrition>2.55</invNutrition>
    <inventoryOptions>
      <skipChance>0.45</skipChance>
      <subOptionsChooseOne>
        <li>
          <choiceChance>90</choiceChance>
          <thingDef>Silver</thingDef>
          <countRange>
            <min>30</min>
            <max>100</max>
          </countRange>
        </li>
        <li>
          <choiceChance>10</choiceChance>
          <thingDef>Silver</thingDef>
          <countRange>
            <min>700</min>
            <max>1000</max>
          </countRange>
        </li>
      </subOptionsChooseOne>
    </inventoryOptions>
    <initialWillRange>1~3</initialWillRange>
	<initialResistanceRange>1~8</initialResistanceRange>
  </PawnKindDef>

<!-- ============================ CovUnggoy Civilian Base ========================== -->

  <PawnKindDef Name="CovSpecUnggoyBase" ParentName="SpecUnggoyBase" Abstract="True">
    <combatPower>15</combatPower>
	<race>Alien_Unggoy</race>
    <itemQuality>Normal</itemQuality>
    <isFighter>True</isFighter>
    <gearHealthRange>
      <min>0.75</min>
      <max>2.0</max>
    </gearHealthRange>
    <apparelMoney>
      <min>9000</min>
      <max>15000</max>
    </apparelMoney>
    <weaponMoney>
      <min>14000</min>
      <max>25000</max>
    </weaponMoney>
    <weaponTags>
	    <li>Cov_PlasmaPistol</li>
    </weaponTags>
	<apparelTags>
	</apparelTags>
    <techHediffsMoney>
      <min>40000</min>
      <max>50000</max>
    </techHediffsMoney>
    <techHediffsTags>
      <li>Advanced</li>
      <li>Simple</li>
    </techHediffsTags>
    <techHediffsChance>0.01</techHediffsChance>
    <invNutrition>2.55</invNutrition>
    <inventoryOptions>
      <skipChance>0.45</skipChance>
      <subOptionsChooseOne>
        <li>
          <choiceChance>90</choiceChance>
          <thingDef>Silver</thingDef>
          <countRange>
            <min>30</min>
            <max>100</max>
          </countRange>
        </li>
        <li>
          <choiceChance>10</choiceChance>
          <thingDef>Silver</thingDef>
          <countRange>
            <min>700</min>
            <max>1000</max>
          </countRange>
        </li>
      </subOptionsChooseOne>
    </inventoryOptions>
    <initialWillRange>1~3</initialWillRange>
	<initialResistanceRange>1~8</initialResistanceRange>
  </PawnKindDef>
  
  <!-- ============================ Civilians ========================== -->
  
  <PawnKindDef ParentName="CovCivBase">
    <defName>SangheiliColnist</defName>
    <label>Sangheili Colnist</label>
    <apparelTags>
      <li>SangheiliUnderArmor</li>
      <li>SangheiliMinorArmor</li>
      <li>SangheiliMinorHelmet</li>
    </apparelTags>
    <apparelMoney>
      <min>40000</min>
      <max>50000</max>
    </apparelMoney>
    <weaponMoney>
      <min>5000</min>
      <max>40000</max>
    </weaponMoney>
    <weaponTags>
	    <li>Cov_PlasmaRifle</li>
    </weaponTags>
  </PawnKindDef>

  <PawnKindDef ParentName="CovCivUnggoyBase">
    <defName>UnggoyColnist</defName>
    <label>Unggoy Colonist</label>
    <apparelTags>
      <li>UnggoyMinorArmor</li>
      <li>UnggoyMask</li>
    </apparelTags>
    <apparelMoney>
      <min>40000</min>
      <max>50000</max>
    </apparelMoney>
    <weaponMoney>
      <min>5000</min>
      <max>40000</max>
    </weaponMoney>
    <weaponTags>
	    <li>TheCovenant_PlasmaPistol</li>
    </weaponTags>
  </PawnKindDef>
  
  <PawnKindDef ParentName="CovCivBase">
    <defName>CovSupremeCommander</defName>
	<label>Supreme Commander</label>
	<minGenerationAge>40</minGenerationAge>
    <factionLeader>true</factionLeader>
	<initialResistanceRange>15~35</initialResistanceRange>
    <apparelTags>
      <li>SangheiliUnderArmor</li>
      <li>SangheiliGenArmor</li>
      <li>SangheiliGenHelmet</li>
    </apparelTags>
    <apparelMoney>
      <min>40000</min>
      <max>50000</max>
    </apparelMoney>
    <weaponMoney>
      <min>5000</min>
      <max>40000</max>
    </weaponMoney>
	<backstoryFilters>
      <li>
        <categories>
          <li>SangheiliBackstory</li>
        </categories>
        <commonality>0.2</commonality>
      </li>
      <li>
        <categories>
		  <li>SangheiliBackstory</li>
        </categories>
        <commonality>0.8</commonality>
      </li>
    </backstoryFilters>
    <weaponTags>
            <li>Cov_PlasmaPistol</li>
	    <li>Cov_EnergySword</li>
	    <li>Cov_NeedleRifle</li>
	    <li>Cov_FuelRodCannon</li>
	    <li>Cov_ConcussionRifle</li>
            <li>Cov_Needler</li>
	    <li>Cov_PlasmaRifle</li>
	    <li>Cov_Repeater</li>
	    <li>Cov_Carbine</li>
    </weaponTags>
    <techHediffsMoney>
      <min>30000</min>
      <max>50000</max>
    </techHediffsMoney>
    <techHediffsTags>
	  <li>Advanced</li>
      <li>AdvancedWeapon</li>
    </techHediffsTags>
    <techHediffsChance>0.08</techHediffsChance>
    <inventoryOptions>
      <skipChance>0.8</skipChance>
      <subOptionsChooseOne>
        <li>
          <thingDef>Silver</thingDef>
          <countRange>
            <min>28000</min>
            <max>40000</max>
          </countRange>
        </li>
        <li>
          <thingDef>MedicineUltratech</thingDef>
          <countRange>
            <min>1</min>
            <max>2</max>
          </countRange>
        </li>
      </subOptionsChooseOne>
    </inventoryOptions>
  </PawnKindDef>

    <PawnKindDef ParentName="CovCivBase">
    <defName>SangheiliTrader</defName>
    <label>Merchant</label>
    <trader>true</trader>
    <apparelTags>
      <li>SangheiliUnderArmor</li>
      <li>SangheiliMajorArmor</li>
      <li>SangheiliMajorHelmet</li>
    </apparelTags>
    <apparelMoney>
      <min>7000</min>
      <max>20000</max>
    </apparelMoney>
    <weaponMoney>
      <min>5000</min>
      <max>52000</max>
    </weaponMoney>
  </PawnKindDef>

    <PawnKindDef ParentName="CovCivBase">
    <defName>SangheiliRefugee</defName>
    <label>refugee</label>
    <apparelTags>
      <li>SangheiliUnderArmor</li>
      <li>SangheiliMinorArmor</li>
      <li>SangheiliMinorHelmet</li>
    </apparelTags>
    <apparelMoney>
      <min>70000</min>
      <max>500000</max>
    </apparelMoney>
    <weaponMoney>
      <min>45000</min>
      <max>52000</max>
    </weaponMoney>
  </PawnKindDef>

    <PawnKindDef ParentName="CovCivUnggoyBase">
    <defName>UnggoyRefugee</defName>
    <label>Grunt refugee</label>
    <apparelTags>
      <li>UnggoyMinorArmor</li>
      <li>UnggoyMask</li>
    </apparelTags>
    <apparelMoney>
      <min>70000</min>
      <max>500000</max>
    </apparelMoney>
    <weaponMoney>
      <min>45000</min>
      <max>52000</max>
    </weaponMoney>
  </PawnKindDef>
  

  
  <!-- ============================ Sangheili Security ========================== -->
  
  <PawnKindDef ParentName="CovCivBase">
    <defName>SangheiliGuard</defName>
    <label>Covenant Elite Guard</label>
    <combatPower>50</combatPower>
    <maxGenerationAge>100</maxGenerationAge>
    <gearHealthRange>
      <min>0.75</min>
      <max>1.8</max>
    </gearHealthRange>
    <apparelMoney>
      <min>40000</min>
      <max>50000</max>
    </apparelMoney>
    <weaponMoney>
      <min>14000</min>
      <max>30000</max>
    </weaponMoney>
    <apparelTags>
      <li>SangheiliUnderArmor</li>
      <li>SangheiliMinorArmor</li>
      <li>SangheiliMinorHelmet</li>
    </apparelTags>
    <weaponTags>
	  <li>Cov_PlasmaPistol</li>
	  <li>Cov_PlasmaRifle</li>
	  <li>Cov_Repeater</li>
	  <li>Cov_EnergySword</li>
    </weaponTags>
    <techHediffsMoney>
      <min>200</min>
      <max>5000</max>
    </techHediffsMoney>
    <techHediffsTags>
      <li>Simple</li>
      <li>Advanced</li>
    </techHediffsTags>
    <techHediffsChance>0.003</techHediffsChance>
    <invNutrition>2.55</invNutrition>
    <inventoryOptions>
      <skipChance>0.65</skipChance>
      <thingDef>Silver</thingDef>
      <countRange>
        <min>300</min>
        <max>1000</max>
      </countRange>
    </inventoryOptions>
	<initialResistanceRange>10~20</initialResistanceRange>
  </PawnKindDef>

  <PawnKindDef ParentName="CovCivUnggoyBase">
    <defName>UnggoyCovenantGuard</defName>
    <label>Covenant Grunt Guard</label>
    <combatPower>5</combatPower>
    <maxGenerationAge>100</maxGenerationAge>
    <gearHealthRange>
      <min>0.75</min>
      <max>1.8</max>
    </gearHealthRange>
    <apparelMoney>
      <min>40000</min>
      <max>50000</max>
    </apparelMoney>
    <weaponMoney>
      <min>14000</min>
      <max>30000</max>
    </weaponMoney>
    <apparelTags>
      <li>UnggoyMinorArmor</li>
      <li>UnggoyMask</li>
    </apparelTags>
    <weaponTags>
	  <li>Cov_PlasmaPistol</li>
          <li>Cov_Needler</li>
    </weaponTags>
    <techHediffsMoney>
      <min>200</min>
      <max>5000</max>
    </techHediffsMoney>
    <techHediffsTags>
      <li>Simple</li>
      <li>Advanced</li>
    </techHediffsTags>
    <techHediffsChance>0.003</techHediffsChance>
    <invNutrition>2.55</invNutrition>
    <inventoryOptions>
      <skipChance>0.65</skipChance>
      <thingDef>Silver</thingDef>
      <countRange>
        <min>300</min>
        <max>1000</max>
      </countRange>
    </inventoryOptions>
	<initialResistanceRange>1~10</initialResistanceRange>
  </PawnKindDef>
  
 
  <!-- ============================ Covenant Military Base ========================== -->
  
  <PawnKindDef Name="EliteMilBase" ParentName="CovBase" Abstract="True">
    <chemicalAddictionChance>0</chemicalAddictionChance>
    <isFighter>true</isFighter>
	<race>Alien_Sangheili</race>
    <invNutrition>2.55</invNutrition>
    <itemQuality>Normal</itemQuality>
	<minGenerationAge>23</minGenerationAge>
    <maxGenerationAge>200</maxGenerationAge>
    <gearHealthRange>
      <min>0.7</min>
      <max>2.3</max>
    </gearHealthRange>
	<backstoryFilters>
      <li>
        <categories>
          <li>SangheiliBackstory</li>
        </categories>
        <commonality>0.6</commonality>
      </li>
      <li>
        <categories>
		  <li>SangheiliBackstory</li>
        </categories>
        <commonality>0.3</commonality>
      </li>
      <li>
        <categories>
          <li>Outlander</li>
        </categories>
        <commonality>0.05</commonality>
      </li>
      <li>
        <categories>
          <li>Offworld</li>
        </categories>
        <commonality>0.05</commonality>
      </li>
    </backstoryFilters>
    <apparelAllowHeadgearChance>200</apparelAllowHeadgearChance>
    <apparelTags>
      <li>SangheiliUnderArmor</li>
    </apparelTags>
    <apparelMoney>
      <min>40000</min>
      <max>50000</max>
    </apparelMoney>
    <weaponMoney>
      <min>1400</min>
      <max>30000</max>
    </weaponMoney>
    <weaponTags>
            <li>Cov_PlasmaPistol</li>
	    <li>Cov_EnergySword</li>
	    <li>Cov_NeedleRifle</li>
	    <li>Cov_FuelRodCannon</li>
	    <li>Cov_ConcussionRifle</li>
            <li>Cov_Needler</li>
	    <li>Cov_PlasmaRifle</li>
	    <li>Cov_Repeater</li>
	    <li>Cov_Carbine</li>
    </weaponTags>
    <techHediffsMoney>
      <min>300</min>
      <max>10000</max>
    </techHediffsMoney>
    <techHediffsTags>
	    <li>Advanced</li>
      <li>AdvancedWeapon</li>
    </techHediffsTags>
    <inventoryOptions>
      <skipChance>0.8</skipChance>
      <subOptionsChooseOne>
        <li>
          <thingDef>Silver</thingDef>
          <countRange>
            <min>500</min>
            <max>2000</max>
          </countRange>
        </li>
        <li>
          <thingDef>MedicineUltratech</thingDef>
          <countRange>
            <min>1</min>
            <max>1</max>
          </countRange>
        </li>
      </subOptionsChooseOne>
    </inventoryOptions>
	<initialResistanceRange>15~24</initialResistanceRange>
  </PawnKindDef>

<PawnKindDef Name="ElitesMilBase" ParentName="CovBase" Abstract="True">
    <chemicalAddictionChance>0</chemicalAddictionChance>
    <isFighter>true</isFighter>
	<race>Alien_Sangheili</race>
    <invNutrition>2.55</invNutrition>
    <itemQuality>Normal</itemQuality>
	<minGenerationAge>23</minGenerationAge>
    <maxGenerationAge>200</maxGenerationAge>
    <gearHealthRange>
      <min>0.7</min>
      <max>2.3</max>
    </gearHealthRange>
	<backstoryFilters>
      <li>
        <categories>
          <li>SangheiliBackstory</li>
        </categories>
        <commonality>0.6</commonality>
      </li>
      <li>
        <categories>
		  <li>SangheiliBackstory</li>
        </categories>
        <commonality>0.3</commonality>
      </li>
      <li>
        <categories>
          <li>Outlander</li>
        </categories>
        <commonality>0.05</commonality>
      </li>
      <li>
        <categories>
          <li>Offworld</li>
        </categories>
        <commonality>0.05</commonality>
      </li>
    </backstoryFilters>
    <apparelAllowHeadgearChance>200</apparelAllowHeadgearChance>
    <apparelTags>
      <li>SangheiliUnderArmor</li>
    </apparelTags>
    <apparelMoney>
      <min>40000</min>
      <max>50000</max>
    </apparelMoney>
    <weaponMoney>
      <min>1400</min>
      <max>30000</max>
    </weaponMoney>
    <weaponTags>
            <li>Cov_ConcussionRifle</li>
            <li>Cov_PlasmaPistol</li>
	    <li>Cov_EnergySword</li>
	    <li>Cov_NeedleRifle</li>
            <li>Cov_Needler</li>
	    <li>Cov_PlasmaRifle</li>
	    <li>Cov_Repeater</li>
	    <li>Cov_Carbine</li>
    </weaponTags>
    <techHediffsMoney>
      <min>300</min>
      <max>10000</max>
    </techHediffsMoney>
    <techHediffsTags>
	    <li>Advanced</li>
      <li>AdvancedWeapon</li>
    </techHediffsTags>
    <inventoryOptions>
      <skipChance>0.8</skipChance>
      <subOptionsChooseOne>
        <li>
          <thingDef>Silver</thingDef>
          <countRange>
            <min>500</min>
            <max>2000</max>
          </countRange>
        </li>
        <li>
          <thingDef>MedicineUltratech</thingDef>
          <countRange>
            <min>1</min>
            <max>1</max>
          </countRange>
        </li>
      </subOptionsChooseOne>
    </inventoryOptions>
	<initialResistanceRange>15~24</initialResistanceRange>
  </PawnKindDef>

  <PawnKindDef Name="UnggoyMilBase" ParentName="CovUnggoyBase" Abstract="True">
    <chemicalAddictionChance>0</chemicalAddictionChance>
    <isFighter>true</isFighter>
	<race>Alien_Unggoy</race>
    <invNutrition>2.55</invNutrition>
    <itemQuality>Normal</itemQuality>
	<minGenerationAge>23</minGenerationAge>
    <maxGenerationAge>40</maxGenerationAge>
    <gearHealthRange>
      <min>0.7</min>
      <max>2.3</max>
    </gearHealthRange>
	<backstoryFilters>
      <li>
        <categories>
          <li>Offworld</li>
        </categories>
        <commonality>0.6</commonality>
      </li>
      <li>
        <categories>
		  <li>Offworld</li>
        </categories>
        <commonality>0.3</commonality>
      </li>
      <li>
        <categories>
          <li>Outlander</li>
        </categories>
        <commonality>0.05</commonality>
      </li>
      <li>
        <categories>
          <li>Offworld</li>
        </categories>
        <commonality>0.05</commonality>
      </li>
    </backstoryFilters>
    <apparelAllowHeadgearChance>200</apparelAllowHeadgearChance>
    <apparelTags>
          <li>UnggoyMask</li>
    </apparelTags>
    <apparelMoney>
      <min>40000</min>
      <max>50000</max>
    </apparelMoney>
    <weaponMoney>
      <min>1400</min>
      <max>30000</max>
    </weaponMoney>
    <weaponTags>
            <li>Cov_PlasmaPistol</li>
    </weaponTags>
    <techHediffsMoney>
      <min>300</min>
      <max>10000</max>
    </techHediffsMoney>
    <techHediffsTags>
	    <li>Advanced</li>
      <li>AdvancedWeapon</li>
    </techHediffsTags>
    <inventoryOptions>
      <skipChance>0.8</skipChance>
      <subOptionsChooseOne>
        <li>
          <thingDef>Silver</thingDef>
          <countRange>
            <min>500</min>
            <max>2000</max>
          </countRange>
        </li>
        <li>
          <thingDef>MedicineUltratech</thingDef>
          <countRange>
            <min>1</min>
            <max>1</max>
          </countRange>
        </li>
      </subOptionsChooseOne>
    </inventoryOptions>
	<initialResistanceRange>1~5</initialResistanceRange>
  </PawnKindDef>
  
  <PawnKindDef Name="SpecialUnggoyMilBase" ParentName="CovSpecUnggoyBase" Abstract="True">
    <chemicalAddictionChance>0</chemicalAddictionChance>
    <isFighter>true</isFighter>
	<race>Alien_Unggoy</race>
    <invNutrition>2.55</invNutrition>
    <itemQuality>Good</itemQuality>
	<minGenerationAge>23</minGenerationAge>
    <maxGenerationAge>30</maxGenerationAge>
    <gearHealthRange>
      <min>0.7</min>
      <max>2.3</max>
    </gearHealthRange>
	<backstoryFilters>
      <li>
        <categories>
          <li>Offworld</li>
        </categories>
        <commonality>0.6</commonality>
      </li>
      <li>
        <categories>
		  <li>Offworld</li>
        </categories>
        <commonality>0.3</commonality>
      </li>
      <li>
        <categories>
          <li>Outlander</li>
        </categories>
        <commonality>0.05</commonality>
      </li>
      <li>
        <categories>
          <li>Offworld</li>
        </categories>
        <commonality>0.05</commonality>
      </li>
    </backstoryFilters>
    <apparelAllowHeadgearChance>200</apparelAllowHeadgearChance>
    <apparelTags>
    </apparelTags>
    <apparelMoney>
      <min>40000</min>
      <max>50000</max>
    </apparelMoney>
    <weaponMoney>
      <min>1400</min>
      <max>30000</max>
    </weaponMoney>
    <weaponTags>
            <li>Cov_PlasmaPistol</li>
            <li>Cov_Needler</li>
	    <li>Cov_FuelRodCannon</li>
            <li>Cov_PlasmaRifle</li>
    </weaponTags>
    <techHediffsMoney>
      <min>300</min>
      <max>10000</max>
    </techHediffsMoney>
    <techHediffsTags>
	    <li>Advanced</li>
      <li>AdvancedWeapon</li>
    </techHediffsTags>
    <inventoryOptions>
      <skipChance>0.8</skipChance>
      <subOptionsChooseOne>
        <li>
          <thingDef>Silver</thingDef>
          <countRange>
            <min>500</min>
            <max>2000</max>
          </countRange>
        </li>
        <li>
          <thingDef>MedicineUltratech</thingDef>
          <countRange>
            <min>1</min>
            <max>1</max>
          </countRange>
        </li>
      </subOptionsChooseOne>
    </inventoryOptions>
	<initialResistanceRange>1~5</initialResistanceRange>
  </PawnKindDef>

  <!-- ============================ Sangheili Pawns ========================== -->
  
  <PawnKindDef ParentName="UnggoyMilBase">
    <defName>UnggoyMinor</defName>
    <label>Grunt Minor</label>
    <apparelTags>
          <li>UnggoyMask</li>
    	  <li>UnggoyMinorArmor</li>
    </apparelTags>
    <combatPower>20</combatPower>
  </PawnKindDef>

  <PawnKindDef ParentName="SpecialUnggoyMilBase">
    <defName>UnggoyMajor</defName>
    <label>Grunt Major</label>
    <apparelTags>
          <li>UnggoyMask</li>
    	  <li>UnggoyMajorArmor</li>
    </apparelTags>
    <combatPower>25</combatPower>
  </PawnKindDef>

  <PawnKindDef ParentName="SpecialUnggoyMilBase">
    <defName>UnggoyUltra</defName>
    <label>Grunt Ultra</label>
    <apparelTags>
          <li>UnggoyUltraHelm</li>
    	  <li>UnggoyUltraArmor</li>
    </apparelTags>
    <combatPower>50</combatPower>
  </PawnKindDef>

  <PawnKindDef ParentName="SpecialUnggoyMilBase">
    <defName>UnggoySpecOps</defName>
    <label>Grunt SpecOps</label>
    <apparelTags>
          <li>UnggoySpecHelm</li>
    	  <li>UnggoySpecArmor</li>
    </apparelTags>
    <combatPower>50</combatPower>
  </PawnKindDef>
  
<PawnKindDef ParentName="ElitesMilBase">
    <defName>SangheiliMinor</defName>
    <label>Minor</label>
    <apparelTags>
      <li>SangheiliUnderArmor</li>
      <li>SangheiliMinorArmor</li>
      <li>SangheiliMinorHelmet</li>
    </apparelTags>
    <combatPower>10</combatPower>
  </PawnKindDef>

  <PawnKindDef ParentName="ElitesMilBase">
    <defName>SangheiliRanger</defName>
    <label>Ranger</label>
    <apparelTags>
      <li>SangheiliUnderArmor</li>
      <li>SangheiliRangerArmor</li>
      <li>SangheiliRangerHelmet</li>
      <li>RangerJumpBelt</li>
    </apparelTags>
    <combatPower>30</combatPower>
  </PawnKindDef>

  <PawnKindDef ParentName="ElitesMilBase">
    <defName>SangheiliMajor</defName>
    <label>Major</label>
    <apparelTags>
      <li>SangheiliUnderArmor</li>
      <li>SangheiliMajorArmor</li>
      <li>SangheiliMajorHelmet</li>
    </apparelTags>
    <combatPower>30</combatPower>
  </PawnKindDef>

  <PawnKindDef ParentName="EliteMilBase">
    <defName>SangheiliUltra</defName>
    <label>Ultra</label>
    <apparelTags>
      <li>SangheiliUnderArmor</li>
      <li>SangheiliUltraArmor</li>
      <li>SangheiliUltraHelmet</li>
    </apparelTags>
    <combatPower>110</combatPower>
  </PawnKindDef>

  <PawnKindDef ParentName="EliteMilBase">
    <defName>SangheiliSpecOps</defName>
    <label>Ultra</label>
    <apparelTags>
      <li>SangheiliUnderArmor</li>
      <li>SangheiliSpecOpsArmor</li>
      <li>SangheiliSpecOpsHelmet</li>
    </apparelTags>
    <combatPower>190</combatPower>
  </PawnKindDef> 

  <PawnKindDef ParentName="EliteMilBase">
    <defName>SangheiliGeneral</defName>
    <label>General</label>
    <combatPower>105</combatPower>
    <minGenerationAge>50</minGenerationAge>
	<initialResistanceRange>18~25</initialResistanceRange>
    <gearHealthRange>
      <min>0.9</min>
      <max>2.3</max>
    </gearHealthRange>
    <apparelTags>
      <li>SangheiliUnderArmor</li>
      <li>SangheiliGenArmor</li>
      <li>SangheiliGenHelmet</li>
    </apparelTags>
    <apparelMoney>
      <min>40000</min>
      <max>50000</max>
    </apparelMoney>
    <weaponMoney>
      <min>1400</min>
      <max>28000</max>
    </weaponMoney>
	<backstoryFilters>
      <li>
        <categories>
          <li>SangheiliBackstory</li>
        </categories>
        <commonality>0.2</commonality>
      </li>
      <li>
        <categories>
		  <li>SangheiliSpecialBackstory</li>
        </categories>
        <commonality>0.8</commonality>
      </li>
    </backstoryFilters>
    <weaponTags>
	    <li>Cov_EnergySword</li>
	    <li>Cov_FuelRodCannon</li>
	    <li>Cov_ConcussionRifle</li>
            <li>Cov_Needler</li>
	    <li>Cov_Repeater</li>
    </weaponTags>
    <techHediffsMoney>
      <min>300</min>
      <max>10000</max>
    </techHediffsMoney>
    <techHediffsTags>
	    <li>Advanced</li>
      <li>AdvancedWeapon</li>
    </techHediffsTags>
      <techHediffsChance>0.08</techHediffsChance>
      <inventoryOptions>
      <skipChance>0.8</skipChance>
      <subOptionsChooseOne>
        <li>
          <thingDef>Silver</thingDef>
          <countRange>
            <min>1800</min>
            <max>4000</max>
          </countRange>
        </li>
        <li>
          <thingDef>MedicineUltratech</thingDef>
          <countRange>
            <min>1</min>
            <max>2</max>
          </countRange>
        </li>
      </subOptionsChooseOne>
    </inventoryOptions>
  </PawnKindDef>

  <PawnKindDef ParentName="EliteMilBase">
    <defName>SangheiliZelaot</defName>
    <label>Zelaot</label>
    <combatPower>120</combatPower>
    <minGenerationAge>50</minGenerationAge>
	<initialResistanceRange>18~25</initialResistanceRange>
    <gearHealthRange>
      <min>0.9</min>
      <max>2.3</max>
    </gearHealthRange>
    <apparelTags>
      <li>SangheiliUnderArmor</li>
      <li>SangheiliZelaotHelmet</li>
      <li>SangheiliZelaotArmor</li>
    </apparelTags>
    <apparelMoney>
      <min>40000</min>
      <max>50000</max>
    </apparelMoney>
    <weaponMoney>
      <min>1400</min>
      <max>28000</max>
    </weaponMoney>
	<backstoryFilters>
      <li>
        <categories>
          <li>SangheiliBackstory</li>
        </categories>
        <commonality>0.2</commonality>
      </li>
      <li>
        <categories>
		  <li>SangheiliSpecialBackstory</li>
        </categories>
        <commonality>0.8</commonality>
      </li>
    </backstoryFilters>
    <weaponTags>
            <li>Cov_FuelRodCannon</li>
	    <li>Cov_EnergySword</li>
            <li>Cov_Needler</li>
	    <li>Cov_PlasmaRifle</li>
    </weaponTags>
    <techHediffsMoney>
      <min>300</min>
      <max>10000</max>
    </techHediffsMoney>
    <techHediffsTags>
	    <li>Advanced</li>
      <li>AdvancedWeapon</li>
    </techHediffsTags>
      <techHediffsChance>0.08</techHediffsChance>
      <inventoryOptions>
      <skipChance>0.8</skipChance>
      <subOptionsChooseOne>
        <li>
          <thingDef>Silver</thingDef>
          <countRange>
            <min>1800</min>
            <max>4000</max>
          </countRange>
        </li>
        <li>
          <thingDef>MedicineUltratech</thingDef>
          <countRange>
            <min>1</min>
            <max>2</max>
          </countRange>
        </li>
      </subOptionsChooseOne>
    </inventoryOptions>
  </PawnKindDef>

</Defs>
