<?xml version="1.0" encoding="utf-8" ?>
<Defs>

  <PawnKindDef Abstract="True" Name="BaseSangheiliPawnKind">
    <race>Alien_Sangheili</race>
    <combatPower>40</combatPower>
    <isFighter>false</isFighter>
    <apparelIgnoreSeasons>true</apparelIgnoreSeasons>
    <forceNormalGearQuality>true</forceNormalGearQuality>
  </PawnKindDef>

  <PawnKindDef ParentName="BaseSangheiliPawnKind">
    <defName>Sangheili</defName>
    <label>Colonist</label>
    <defaultFactionType>SangheiliPlayerColony</defaultFactionType>
    <initialWillRange>1~3</initialWillRange>
	<initialResistanceRange>11~18</initialResistanceRange>

	<backstoryFilters>
		<li>
		<categories>
			<li>SangheiliBackstory</li>
		</categories>
		</li>
	</backstoryFilters>
	<apparelAllowHeadgearChance>100</apparelAllowHeadgearChance>
    <apparelTags>
      <li>SangheiliMinorArmor</li>
      <li>SangheiliUnderArmor</li>
      <li>SangheiliMinorHelmet</li>
    </apparelTags>
    <apparelMoney>
      <min>10000</min>
      <max>24000</max>
    </apparelMoney>
    <backstoryCryptosleepCommonality>0.1</backstoryCryptosleepCommonality>
  </PawnKindDef>

</Defs>