﻿<?xml version="1.0" encoding="utf-8"?>

<Defs>

	<!--Adults-->
	
	<AlienRace.BackstoryDef>
		<defName>CovenantRunAlwaySoldier</defName> <!--1-->             
		<title>Covenant Run Alway Soldier</title>
		<titleShort>soldier</titleShort>
		<baseDescription>[PAWN_nameDef] was a soldier for a Covenant but left thier post</baseDescription>
		<slot>Adulthood</slot>
		<bodyTypeMale>Male</bodyTypeMale>
		<bodyTypeFemale>Female</bodyTypeFemale>
		<maleCommonality>30</maleCommonality>
		<femaleCommonality>30</femaleCommonality>
		<skillGains>
			<li>
				<defName>Shooting</defName>
				<amount>5</amount>
			</li>
			<li>
				<defName>Melee</defName>
				<amount>4</amount>
			</li>
		</skillGains>
		<spawnCategories>
			<li>KigYarBackstory</li>
			<!--<li>SpecialKigYarBackstory</li>-->
		</spawnCategories>
	</AlienRace.BackstoryDef>

	<AlienRace.BackstoryDef>
		<defName>KigYarMerchant</defName> <!--2-->
		<title>Kig-Yar merchant</title>
		<titleShort>merchant</titleShort>
		<baseDescription>[PAWN_nameDef] This individual follows many of the customs his kind is known for.</baseDescription>
		<bodyTypeMale>Male</bodyTypeMale>
		<bodyTypeFemale>Female</bodyTypeFemale>
		<maleCommonality>30</maleCommonality>
		<femaleCommonality>30</femaleCommonality>
		<slot>Adulthood</slot>
		<skillGains>
			<li>
				<defName>Social</defName>
				<amount>5</amount>
			</li>
			<li>
				<defName>Crafting</defName>
				<amount>3</amount>
			</li>
			<li>
				<defName>Construction</defName>
				<amount>3</amount>
			</li>
		</skillGains>
		<spawnCategories>
			<li>KigYarBackstory</li>
		</spawnCategories>
	</AlienRace.BackstoryDef>

	<AlienRace.BackstoryDef>
		<defName>KigYarDoctor</defName> <!--3-->
		<title>Kig-Yar doctor</title>
		<titleShort>doctor</titleShort>
		<baseDescription>This individual heals his kind... for a price.</baseDescription>
		<bodyTypeMale>Male</bodyTypeMale>
		<bodyTypeFemale>Female</bodyTypeFemale>
		<maleCommonality>30</maleCommonality>
		<femaleCommonality>30</femaleCommonality>
		<slot>Adulthood</slot>
		<skillGains>
			<li>
				<defName>Medicine</defName>
				<amount>6</amount>
			</li>
			<li>
				<defName>Intellectual</defName>
				<amount>4</amount>
			</li>
		</skillGains>
		<spawnCategories>
			<li>KigYarBackstory</li>
		</spawnCategories>
	</AlienRace.BackstoryDef>

	<AlienRace.BackstoryDef>
		<defName>KigYarMercenary</defName> <!--4-->
		<title>Kig-Yar mercenary</title>
		<titleShort>mercenary</titleShort>
		<baseDescription>[PAWN_nameDef] Offers his services as a soldier for the highest bider.</baseDescription>
		<bodyTypeMale>Male</bodyTypeMale>
		<bodyTypeFemale>Female</bodyTypeFemale>
		<maleCommonality>20</maleCommonality>
		<femaleCommonality>20</femaleCommonality>
		<slot>Adulthood</slot>
		<skillGains>
			<li>
				<defName>Shooting</defName>
				<amount>3</amount>
			</li>
			<li>
				<defName>Melee</defName>
				<amount>2</amount>
			</li>
			<li>
				<defName>Social</defName>
				<amount>1</amount>
			</li>
		</skillGains>
		<spawnCategories>
			<li>KigYarBackstory</li>
		</spawnCategories>
	</AlienRace.BackstoryDef>

	<AlienRace.BackstoryDef>
		<defName>KigYarSniper</defName> <!--5-->
		<title>Kig-Yar Sniper</title>
		<titleShort>sniper</titleShort>
		<baseDescription>[PAWN_nameDef] served a Covenant Remnant as a sniper.</baseDescription>
		<slot>Adulthood</slot>
		<maleCommonality>30</maleCommonality>
		<femaleCommonality>30</femaleCommonality>
		<bodyTypeMale>Male</bodyTypeMale>
		<bodyTypeFemale>Female</bodyTypeFemale>
		<spawnCategories>
			<li>KigYarBackstory</li>
		</spawnCategories>
		<skillGains>
			<li>
				<defName>Shooting</defName>
				<amount>7</amount>
			</li>
		</skillGains>
	</AlienRace.BackstoryDef>

	<AlienRace.BackstoryDef>
		<defName>KigYarPirate</defName> <!--6-->
		<title>Kig-Yar Pirate</title>
		<titleShort>pirate</titleShort>
		<baseDescription>[PAWN_nameDef] Partakes in the Kig-Yar's most ancient custom, piracy. Young chicks look up to him and wish to one day reach his lifestyle</baseDescription>
		<slot>Adulthood</slot>
		<maleCommonality>30</maleCommonality>
		<femaleCommonality>30</femaleCommonality>
		<bodyTypeMale>Male</bodyTypeMale>
		<bodyTypeFemale>Female</bodyTypeFemale>
		<spawnCategories>
			<li>KigYarBackstory</li>
		</spawnCategories>
		<skillGains>
			<li>
				<defName>Shooting</defName>
				<amount>6</amount>
			</li>
			<li>
				<defName>Melee</defName>
				<amount>6</amount>
			</li>
			<li>
				<defName>Social</defName>
				<amount>6</amount>
			</li>
		</skillGains>
	</AlienRace.BackstoryDef>

	<AlienRace.BackstoryDef>
		<defName>KigYarPiratequeen</defName> <!--7-->
		<title>Kig-Yar Pirate Queen</title>
		<titleShort>pirate queen</titleShort>
		<baseDescription>[PAWN_nameDef] Is the very top of Kig Yar society</baseDescription>
		<slot>Adulthood</slot>
		<maleCommonality>0</maleCommonality>
		<femaleCommonality>30</femaleCommonality>
		<bodyTypeMale>Male</bodyTypeMale>
		<bodyTypeFemale>Female</bodyTypeFemale>
		<spawnCategories>
			<li>KigYarBackstory</li>
		</spawnCategories>
		<skillGains>
			<li>
				<defName>Shooting</defName>
				<amount>8</amount>
			</li>
			<li>
				<defName>Melee</defName>
				<amount>8</amount>
			</li>
			<li>
				<defName>Social</defName>
				<amount>10</amount>
			</li>
		</skillGains>
	</AlienRace.BackstoryDef>

	<AlienRace.BackstoryDef>
		<defName>KigYarMatriarch</defName> <!--8-->
		<title>Kig-Yar Matriarch</title>
		<titleShort>pirate queen</titleShort>
		<baseDescription>[PAWN_nameDef] Used to be the leader of a Kig-Yar Clan</baseDescription>
		<slot>Adulthood</slot>
		<maleCommonality>0</maleCommonality>
		<femaleCommonality>30</femaleCommonality>
		<bodyTypeMale>Male</bodyTypeMale>
		<bodyTypeFemale>Female</bodyTypeFemale>
		<spawnCategories>
			<li>KigYarBackstory</li>
		</spawnCategories>
		<skillGains>
			<li>
				<defName>Shooting</defName>
				<amount>8</amount>
			</li>
			<li>
				<defName>Melee</defName>
				<amount>8</amount>
			</li>
			<li>
				<defName>Social</defName>
				<amount>10</amount>
			</li>
		</skillGains>
	</AlienRace.BackstoryDef>

	<AlienRace.BackstoryDef>
		<defName>KigYarScavenger</defName> <!--9-->
		<title>Kig-Yar Scavenger</title>
		<titleShort>scavenger</titleShort>
		<baseDescription>[PAWN_nameDef] is a scavenger</baseDescription>
		<slot>Adulthood</slot>
		<maleCommonality>30</maleCommonality>
		<femaleCommonality>30</femaleCommonality>
		<bodyTypeMale>Male</bodyTypeMale>
		<bodyTypeFemale>Female</bodyTypeFemale>
		<spawnCategories>
			<li>KigYarBackstory</li>
		</spawnCategories>
		<skillGains>
			<li>
				<defName>Crafting</defName>
				<amount>7</amount>
			</li>
			<li>
				<defName>Construction</defName>
				<amount>6</amount>
			</li>
			<li>
				<defName>Mining</defName>
				<amount>5</amount>
			</li>
		</skillGains>
	</AlienRace.BackstoryDef>

	<AlienRace.BackstoryDef>
		<defName>KigYarClanMother</defName> <!--10-->
		<title>Kig-Yar Clan Mother</title>
		<titleShort>clan mother</titleShort>
		<baseDescription>[PAWN_nameDef] used to spend her days caring for the chicks of her clan.</baseDescription>
		<slot>Adulthood</slot>
		<maleCommonality>0</maleCommonality>
		<femaleCommonality>100</femaleCommonality>
		<bodyTypeMale>Male</bodyTypeMale>
		<bodyTypeFemale>Female</bodyTypeFemale>
		<spawnCategories>
			<li>KigYarBackstory</li>
		</spawnCategories>
		<skillGains>
			<li>
				<defName>Cooking</defName>
				<amount>7</amount>
			</li>
			<li>
				<defName>Medicine</defName>
				<amount>6</amount>
			</li>
			<li>
				<defName>Social</defName>
				<amount>5</amount>
			</li>
		</skillGains>
	</AlienRace.BackstoryDef>

	<AlienRace.BackstoryDef>
		<defName>KigYarCivilian</defName> <!--11-->
		<title>kig-yar civilian</title>
		<titleShort>civilian</titleShort>
		<baseDescription>As surprising as it might sound, Kig-yar society on Eyan actually has legitimate bussineses and governments. [PAWN_nameDef] is a civilian</baseDescription>
		<slot>Adulthood</slot>
		<maleCommonality>30</maleCommonality>
		<femaleCommonality>30</femaleCommonality>
		<bodyTypeMale>Male</bodyTypeMale>
		<bodyTypeFemale>Female</bodyTypeFemale>
		<spawnCategories>
			<li>KigYarBackstory</li>
		</spawnCategories>
		<skillGains>
			<li>
				<defName>Social</defName>
				<amount>2</amount>
			</li>
		</skillGains>
	</AlienRace.BackstoryDef>

	<AlienRace.BackstoryDef>
		<defName>KigYarFarmer</defName> <!--12-->
		<title>Kig-Yar Farmer</title>
		<titleShort>farmer</titleShort>
		<baseDescription>[PAWN_nameDef] Worked on a farm.</baseDescription>
		<slot>Adulthood</slot>
		<maleCommonality>30</maleCommonality>
		<femaleCommonality>30</femaleCommonality>
		<bodyTypeMale>Male</bodyTypeMale>
		<bodyTypeFemale>Female</bodyTypeFemale>
		<spawnCategories>
			<li>KigYarBackstory</li>
		</spawnCategories>
		<skillGains>
			<li>
				<defName>Plants</defName>
				<amount>7</amount>
			</li>
			<li>
				<defName>Animals</defName>
				<amount>6</amount>
			</li>
			<li>
				<defName>Cooking</defName>
				<amount>5</amount>
			</li>
		</skillGains>
	</AlienRace.BackstoryDef>
	
	<AlienRace.BackstoryDef>
		
		<defName>KigYarArtisan</defName> <!--13-->
		<title>Kig-Yar Artisan</title>
		<titleShort>artisan</titleShort>
		<baseDescription>[PAWN_nameDef] Used to fabricate objects.</baseDescription>
		<slot>Adulthood</slot>
		<maleCommonality>30</maleCommonality>
		<femaleCommonality>30</femaleCommonality>
		<bodyTypeMale>Male</bodyTypeMale>
		<bodyTypeFemale>Female</bodyTypeFemale>
		<spawnCategories>
			<li>KigYarBackstory</li>
		</spawnCategories>
		<skillGains>
			<li>
				<defName>Crafting</defName>
				<amount>7</amount>
			</li>
			<li>
				<defName>Artistic</defName>
				<amount>6</amount>
			</li>
			<li>
				<defName>Construction</defName>
				<amount>5</amount>
			</li>
		</skillGains>
	</AlienRace.BackstoryDef>
	
	<AlienRace.BackstoryDef>
		
		<defName>KigYarBuilder</defName> <!--14-->
		<title>Kig-Yar Builder</title>
		<titleShort>builder</titleShort>
		<baseDescription>[PAWN_nameDef] Used to work in construction.</baseDescription>
		<slot>Adulthood</slot>
		<maleCommonality>30</maleCommonality>
		<femaleCommonality>30</femaleCommonality>
		<bodyTypeMale>Male</bodyTypeMale>
		<bodyTypeFemale>Female</bodyTypeFemale>
		<spawnCategories>
			<li>KigYarBackstory</li>
		</spawnCategories>
		<skillGains>
			<li>
				<defName>Construction</defName>
				<amount>7</amount>
			</li>
			<li>
				<defName>Crafting</defName>
				<amount>6</amount>
			</li>
			<li>
				<defName>Artistic</defName>
				<amount>5</amount>
			</li>
		</skillGains>
	</AlienRace.BackstoryDef>
	
	<AlienRace.BackstoryDef>
		
		<defName>KigYarPolitician</defName> <!--15-->
		<title>Kig-Yar politician</title>
		<titleShort>politician</titleShort>
		<baseDescription>[PAWN_nameDef] Used to work in matters related to Eayn's goverment... as much as useless that could be.</baseDescription>
		<slot>Adulthood</slot>
		<maleCommonality>30</maleCommonality>
		<femaleCommonality>30</femaleCommonality>
		<bodyTypeMale>Male</bodyTypeMale>
		<bodyTypeFemale>Female</bodyTypeFemale>
		<spawnCategories>
			<li>KigYarBackstory</li>
		</spawnCategories>
		<skillGains>
			<li>
				<defName>Social</defName>
				<amount>7</amount>
			</li>
			<li>
				<defName>Intellectual</defName>
				<amount>6</amount>
			</li>
		</skillGains>
	</AlienRace.BackstoryDef>
	
	<AlienRace.BackstoryDef>
		
		<defName>KigYarMiner</defName> <!--16-->
		<title>Kig-Yar miner</title>
		<titleShort>miner</titleShort>
		<baseDescription>[PAWN_nameDef] spent [PAWN_possesive] days under the earth, unearthing the precious resources his kind would use to fuel their activities.</baseDescription>
		<slot>Adulthood</slot>
		<maleCommonality>30</maleCommonality>
		<femaleCommonality>30</femaleCommonality>
		<bodyTypeMale>Male</bodyTypeMale>
		<bodyTypeFemale>Female</bodyTypeFemale>
		<spawnCategories>
			<li>KigYarBackstory</li>
		</spawnCategories>
		<skillGains>
			<li>
				<defName>Mining</defName>
				<amount>7</amount>
			</li>
			<li>
				<defName>Construction</defName>
				<amount>6</amount>
			</li>
		</skillGains>
	</AlienRace.BackstoryDef>
	
	<AlienRace.BackstoryDef>
		
		<defName>KigYarHunter</defName> <!--17-->
		<title>Kig-Yar hunter</title>
		<titleShort>hunter</titleShort>
		<baseDescription>[PAWN_nameDef] Enjoyed hunting the animals of whatever land or planet [PAWN_pronoun] found himself in.</baseDescription>
		<slot>Adulthood</slot>
		<maleCommonality>30</maleCommonality>
		<femaleCommonality>30</femaleCommonality>
		<bodyTypeMale>Male</bodyTypeMale>
		<bodyTypeFemale>Female</bodyTypeFemale>
		<spawnCategories>
			<li>KigYarBackstory</li>
		</spawnCategories>
		<skillGains>
			<li>
				<defName>Shooting</defName>
				<amount>7</amount>
			</li>
			<li>
				<defName>Animals</defName>
				<amount>6</amount>
			</li>
		</skillGains>
	</AlienRace.BackstoryDef>
	
	<AlienRace.BackstoryDef>
		
		<defName>KigYarArtist</defName> <!--18-->
		<title>Kig-Yar artist</title>
		<titleShort>artist</titleShort>
		<baseDescription>[PAWN_nameDef] Enjoyed creating art for others to enjoy.</baseDescription>
		<slot>Adulthood</slot>
		<maleCommonality>30</maleCommonality>
		<femaleCommonality>30</femaleCommonality>
		<bodyTypeMale>Male</bodyTypeMale>
		<bodyTypeFemale>Female</bodyTypeFemale>
		<spawnCategories>
			<li>KigYarBackstory</li>
		</spawnCategories>
		<skillGains>
			<li>
				<defName>Artistic</defName>
				<amount>7</amount>
			</li>
			<li>
				<defName>Crafting</defName>
				<amount>6</amount>
			</li>
		</skillGains>
	</AlienRace.BackstoryDef>
	
	<AlienRace.BackstoryDef>
		
		<defName>KigYarFeral</defName> <!--19-->
		<title>Kig-Yar feral</title>
		<titleShort>feral</titleShort>
		<baseDescription>[PAWN_nameDef] Was born and raised in the wilderness of some planet. Only on latter years [PAWN_pronoun] got integrated onto Kig-Yar society Social skills are affected by this</baseDescription>
		<slot>Adulthood</slot>
		<maleCommonality>30</maleCommonality>
		<femaleCommonality>30</femaleCommonality>
		<bodyTypeMale>Male</bodyTypeMale>
		<bodyTypeFemale>Female</bodyTypeFemale>
		<spawnCategories>
			<li>KigYarBackstory</li>
		</spawnCategories>
		<skillGains>
			<li>
				<defName>Social</defName>
				<amount>1</amount>
			</li>
			<li>
				<defName>Melee</defName>
				<amount>6</amount>
			</li>
		</skillGains>
	</AlienRace.BackstoryDef>
	
	<AlienRace.BackstoryDef>
		
		<defName>KigYarMissionary</defName> <!--20-->
		<title>Kig-Yar missionary</title>
		<titleShort>missionary</titleShort>
		<baseDescription>During the times of the covenant, [PAWN_nameDef] was part of the crew of a missonary ship, tasked with exploring the fringe of covenant space in search of Forerunner relics or new species to add to the hegemony.</baseDescription>
		<slot>Adulthood</slot>
		<maleCommonality>30</maleCommonality>
		<femaleCommonality>30</femaleCommonality>
		<bodyTypeMale>Male</bodyTypeMale>
		<bodyTypeFemale>Female</bodyTypeFemale>
		<spawnCategories>
			<li>KigYarBackstory</li>
		</spawnCategories>
		<skillGains>
			<li>
				<defName>Social</defName>
				<amount>5</amount>
			</li>
			<li>
				<defName>Melee</defName>
				<amount>5</amount>
			</li>
			<li>
				<defName>Shooting</defName>
				<amount>5</amount>
			</li>
		</skillGains>
	</AlienRace.BackstoryDef>

	<AlienRace.BackstoryDef>

		<defName>EaynMilitia</defName> <!--21-->
		<title>eayn militia soldier</title>
		<titleShort>militia soldier</titleShort>
		<baseDescription>[PAWN_nameDef] was a soldier in the militia of Eayn</baseDescription>
		<slot>Adulthood</slot>
		<bodyTypeMale>Male</bodyTypeMale>
		<bodyTypeFemale>Female</bodyTypeFemale>
		<maleCommonality>30</maleCommonality>
		<femaleCommonality>30</femaleCommonality>
		<skillGains>
			<li>
				<defName>Shooting</defName>
				<amount>5</amount>
			</li>
			<li>
				<defName>Melee</defName>
				<amount>4</amount>
			</li>
		</skillGains>
		<spawnCategories>
			<li>KigYarBackstory</li>
		</spawnCategories>

	</AlienRace.BackstoryDef>

	<AlienRace.BackstoryDef>

		<defName>VeneziaPolice</defName> <!--22-->
		<title>venezia police</title>
		<titleShort>police</titleShort>
		<baseDescription>[PAWN_nameDef] worked on the police force on the rebel colony of venezia</baseDescription>
		<slot>Adulthood</slot>
		<bodyTypeMale>Male</bodyTypeMale>
		<bodyTypeFemale>Female</bodyTypeFemale>
		<maleCommonality>30</maleCommonality>
		<femaleCommonality>30</femaleCommonality>
		<skillGains>
			<li>
				<defName>Shooting</defName>
				<amount>5</amount>
			</li>
			<li>
				<defName>Melee</defName>
				<amount>4</amount>
			</li>
			<li>
				<defName>Social</defName>
				<amount>4</amount>
			</li>
		</skillGains>
		<spawnCategories>
			<li>KigYarBackstory</li>
		</spawnCategories>

	</AlienRace.BackstoryDef>
	
	<!--Adults-->
	
	
	
	<!--Children-->

	<AlienRace.BackstoryDef>
		<defName>KigYarCivilianChild</defName> <!--1-->
		<title>kig-yar civilian chick</title>
		<titleShort>civilian</titleShort>
		<baseDescription>[PAWN_nameDef] was born in a family of civilian Kig-Yar</baseDescription>
		<slot>Childhood</slot>
		<maleCommonality>30</maleCommonality>
		<femaleCommonality>30</femaleCommonality>
		<bodyTypeMale>Male</bodyTypeMale>
		<bodyTypeFemale>Female</bodyTypeFemale>
		<spawnCategories>
			<li>KigYarBackstory</li>
		</spawnCategories>
		<skillGains>
			<li>
				<defName>Social</defName>
				<amount>2</amount>
			</li>
		</skillGains>
	</AlienRace.BackstoryDef>

	<AlienRace.BackstoryDef>
		<defName>KigYarShipmistressChick</defName> <!--2-->
		<title>kig-yar Shipmistress Chick</title>
		<titleShort>shipmistress chick</titleShort>
		<baseDescription>[PAWN_nameDef] Was raised by a Shipmistress</baseDescription>
		<slot>Childhood</slot>
		<maleCommonality>30</maleCommonality>
		<femaleCommonality>30</femaleCommonality>
		<bodyTypeMale>Male</bodyTypeMale>
		<bodyTypeFemale>Female</bodyTypeFemale>
		<spawnCategories>
			<li>KigYarBackstory</li>
		</spawnCategories>
		<skillGains>
			<li>
				<defName>Social</defName>
				<amount>2</amount>
			</li>
		</skillGains>
	</AlienRace.BackstoryDef>

	<AlienRace.BackstoryDef>
		<defName>KigYarMerchantChild</defName> <!--3-->
		<title>Kig-Yar merchant child</title>
		<titleShort>merchant</titleShort>
		<baseDescription>[PAWN_nameDef] was born in a family of merchants.</baseDescription>
		<bodyTypeMale>Male</bodyTypeMale>
		<bodyTypeFemale>Female</bodyTypeFemale>
		<maleCommonality>30</maleCommonality>
		<femaleCommonality>30</femaleCommonality>
		<slot>Childhood</slot>
		<skillGains>
			<li>
				<defName>Social</defName>
				<amount>3</amount>
			</li>
			<li>
				<defName>Crafting</defName>
				<amount>1</amount>
			</li>
			<li>
				<defName>Construction</defName>
				<amount>1</amount>
			</li>
		</skillGains>
		<spawnCategories>
			<li>KigYarBackstory</li>
		</spawnCategories>
	</AlienRace.BackstoryDef>

	<AlienRace.BackstoryDef>
		<defName>KigYarScavengerChild</defName> <!--4-->
		<title>Kig-Yar Scavenger Chick</title>
		<titleShort>scavenger</titleShort>
		<baseDescription>[PAWN_nameDef] was born in a clan of scavengers</baseDescription>
		<slot>Childhood</slot>
		<maleCommonality>30</maleCommonality>
		<femaleCommonality>30</femaleCommonality>
		<bodyTypeMale>Male</bodyTypeMale>
		<bodyTypeFemale>Female</bodyTypeFemale>
		<spawnCategories>
			<li>KigYarBackstory</li>
		</spawnCategories>
		<skillGains>
			<li>
				<defName>Crafting</defName>
				<amount>4</amount>
			</li>
			<li>
				<defName>Construction</defName>
				<amount>3</amount>
			</li>
			<li>
				<defName>Mining</defName>
				<amount>2</amount>
			</li>
		</skillGains>
	</AlienRace.BackstoryDef>

	<AlienRace.BackstoryDef>
		<defName>KigYarFarmerChild</defName> <!--5-->
		<title>Kig-Yar Farmer Chick</title>
		<titleShort>farmer</titleShort>
		<baseDescription>[PAWN_nameDef] Was born on a farm.</baseDescription>
		<slot>Childhood</slot>
		<maleCommonality>30</maleCommonality>
		<femaleCommonality>30</femaleCommonality>
		<bodyTypeMale>Male</bodyTypeMale>
		<bodyTypeFemale>Female</bodyTypeFemale>
		<spawnCategories>
			<li>KigYarBackstory</li>
		</spawnCategories>
		<skillGains>
			<li>
				<defName>Plants</defName>
				<amount>4</amount>
			</li>
			<li>
				<defName>Animals</defName>
				<amount>3</amount>
			</li>
			<li>
				<defName>Cooking</defName>
				<amount>2</amount>
			</li>
		</skillGains>
	</AlienRace.BackstoryDef>
	
		<AlienRace.BackstoryDef>
		
		<defName>KigYarArtisanChild</defName> <!--6-->
		<title>Kig-Yar Artisan Chick</title>
		<titleShort>artisan</titleShort>
		<baseDescription>[PAWN_nameDef] Was born in a family of artisans, spent [PAWN_possesive] childhood on the workshop learning the skills of his parents.</baseDescription>
		<slot>Childhood</slot>
		<maleCommonality>30</maleCommonality>
		<femaleCommonality>30</femaleCommonality>
		<bodyTypeMale>Male</bodyTypeMale>
		<bodyTypeFemale>Female</bodyTypeFemale>
		<spawnCategories>
			<li>KigYarBackstory</li>
		</spawnCategories>
		<skillGains>
			<li>
				<defName>Crafting</defName>
				<amount>4</amount>
			</li>
			<li>
				<defName>Artistic</defName>
				<amount>3</amount>
			</li>
			<li>
				<defName>Construction</defName>
				<amount>3</amount>
			</li>
		</skillGains>
	</AlienRace.BackstoryDef>
	
	<AlienRace.BackstoryDef>
		
		<defName>KigYarFeralChild</defName> <!--7-->
		<title>Kig-Yar feral chick</title>
		<titleShort>feral</titleShort>
		<baseDescription>[PAWN_nameDef] Was born in the wilderness of some planet, [PAWN_pronoun] Was found there and re integraded into Kig-Yar society.</baseDescription>
		<slot>Childhood</slot>
		<maleCommonality>30</maleCommonality>
		<femaleCommonality>30</femaleCommonality>
		<bodyTypeMale>Male</bodyTypeMale>
		<bodyTypeFemale>Female</bodyTypeFemale>
		<spawnCategories>
			<li>KigYarBackstory</li>
		</spawnCategories>
		<skillGains>
			<li>
				<defName>Social</defName>
				<amount>3</amount>
			</li>
			<li>
				<defName>Melee</defName>
				<amount>3</amount>
			</li>
		</skillGains>
	</AlienRace.BackstoryDef>
	
	<AlienRace.BackstoryDef>
		
		<defName>KigYarSoldierChild</defName> <!--8-->
		<title>Kig-Yar soldier chick</title>
		<titleShort>soldier</titleShort>
		<baseDescription>[PAWN_nameDef] Was born in a family of soldiers, [PAWN_pronoun] Was trained by his parents from an early age.</baseDescription>
		<slot>Childhood</slot>
		<maleCommonality>30</maleCommonality>
		<femaleCommonality>30</femaleCommonality>
		<bodyTypeMale>Male</bodyTypeMale>
		<bodyTypeFemale>Female</bodyTypeFemale>
		<spawnCategories>
			<li>KigYarBackstory</li>
		</spawnCategories>
		<skillGains>
			<li>
				<defName>Melee</defName>
				<amount>3</amount>
			</li>
			<li>
				<defName>Shooting</defName>
				<amount>3</amount>
			</li>
		</skillGains>
	</AlienRace.BackstoryDef>
	
	<AlienRace.BackstoryDef>
		
		<defName>KigYarPirateChild</defName> <!--9-->
		<title>Kig-Yar pirate chick</title>
		<titleShort>pirate</titleShort>
		<baseDescription>[PAWN_nameDef] Was born in clan of pirates, [PAWN_pronoun] Lived the dream of many chicks of [PAWN_possesive] kind.</baseDescription>
		<slot>Childhood</slot>
		<maleCommonality>30</maleCommonality>
		<femaleCommonality>30</femaleCommonality>
		<bodyTypeMale>Male</bodyTypeMale>
		<bodyTypeFemale>Female</bodyTypeFemale>
		<spawnCategories>
			<li>KigYarBackstory</li>
		</spawnCategories>
		<skillGains>
			<li>
				<defName>Social</defName>
				<amount>4</amount>
			</li>
			<li>
				<defName>Melee</defName>
				<amount>3</amount>
			</li>
			<li>
				<defName>Shooting</defName>
				<amount>3</amount>
			</li>
		</skillGains>
	</AlienRace.BackstoryDef>
	
	<AlienRace.BackstoryDef>
		
		<defName>KigYarEngineerChild</defName> <!--10-->
		<title>Kig-Yar engineer chick</title>
		<titleShort>pirate</titleShort>
		<baseDescription>[PAWN_nameDef] displayed an aptitude for machines from an early age.</baseDescription>
		<slot>Childhood</slot>
		<maleCommonality>30</maleCommonality>
		<femaleCommonality>30</femaleCommonality>
		<bodyTypeMale>Male</bodyTypeMale>
		<bodyTypeFemale>Female</bodyTypeFemale>
		<spawnCategories>
			<li>KigYarBackstory</li>
		</spawnCategories>
		<skillGains>
			<li>
				<defName>Intellectual</defName>
				<amount>4</amount>
			</li>
			<li>
				<defName>Construction</defName>
				<amount>4</amount>
			</li>
			<li>
				<defName>Crafting</defName>
				<amount>3</amount>
			</li>
		</skillGains>
	</AlienRace.BackstoryDef>
	
	<AlienRace.BackstoryDef>
		
		<defName>KigYarGangChild</defName> <!--11-->
		<title>Kig-Yar gangster chick</title>
		<titleShort>gangster</titleShort>
		<baseDescription>[PAWN_nameDef] was part of a street gang of chicks.</baseDescription>
		<slot>Childhood</slot>
		<maleCommonality>30</maleCommonality>
		<femaleCommonality>30</femaleCommonality>
		<bodyTypeMale>Male</bodyTypeMale>
		<bodyTypeFemale>Female</bodyTypeFemale>
		<spawnCategories>
			<li>KigYarBackstory</li>
		</spawnCategories>
		<skillGains>
			<li>
				<defName>Social</defName>
				<amount>4</amount>
			</li>
			<li>
				<defName>Melee</defName>
				<amount>4</amount>
			</li>
		</skillGains>
	</AlienRace.BackstoryDef>	
	
	<AlienRace.BackstoryDef>
		
		<defName>KigYarHunterChild</defName> <!--12-->
		<title>Kig-Yar hunter chick</title>
		<titleShort>hunter</titleShort>
		<baseDescription>[PAWN_nameDef] was born in a family of hunters.</baseDescription>
		<slot>Childhood</slot>
		<maleCommonality>30</maleCommonality>
		<femaleCommonality>30</femaleCommonality>
		<bodyTypeMale>Male</bodyTypeMale>
		<bodyTypeFemale>Female</bodyTypeFemale>
		<spawnCategories>
			<li>KigYarBackstory</li>
		</spawnCategories>
		<skillGains>
			<li>
				<defName>Shooting</defName>
				<amount>4</amount>
			</li>
			<li>
				<defName>Animals</defName>
				<amount>3</amount>
			</li>
		</skillGains>
	</AlienRace.BackstoryDef>

	<AlienRace.BackstoryDef>

		<defName>KigYarVatChild</defName> <!--13-->
		<title>Kig-Yar vat chick</title>
		<titleShort>hunter</titleShort>
		<baseDescription>Through some unknown technology that fell on hands of someone, [PAWN_nameDef] was born and spent his childhood inside an industrial vat.</baseDescription>
		<slot>Childhood</slot>
		<maleCommonality>30</maleCommonality>
		<femaleCommonality>30</femaleCommonality>
		<bodyTypeMale>Male</bodyTypeMale>
		<bodyTypeFemale>Female</bodyTypeFemale>
		<spawnCategories>
			<li>KigYarBackstory</li>
		</spawnCategories>
		<skillGains>
			<li>
				<defName>Shooting</defName>
				<amount>4</amount>
			</li>
			<li>
				<defName>Animals</defName>
				<amount>3</amount>
			</li>
		</skillGains>
	</AlienRace.BackstoryDef>

	<AlienRace.BackstoryDef>

		<defName>KigYarVeneziaChild</defName> <!--14-->
		<title>Kig-Yar venezia chick</title>
		<titleShort>venezia resident</titleShort>
		<baseDescription>[PAWN_nameDef] was born and raised in the rebel colony of Venezia, where a great number of different species live in relative harmony.</baseDescription>
		<slot>Childhood</slot>
		<maleCommonality>30</maleCommonality>
		<femaleCommonality>30</femaleCommonality>
		<bodyTypeMale>Male</bodyTypeMale>
		<bodyTypeFemale>Female</bodyTypeFemale>
		<spawnCategories>
			<li>KigYarBackstory</li>
		</spawnCategories>
		<skillGains>
			<li>
				<defName>Social</defName>
				<amount>4</amount>
			</li>
		</skillGains>
	</AlienRace.BackstoryDef>

	<!--Children-->
		
</Defs>
