<?xml version="1.0" encoding="utf-8" ?>
<Defs>

  <!--=============== Shade turret ===============-->

  <ThingDef ParentName="BuildingBase" Name="Cov_Shader" Abstract="True"> 
    <thingClass>Building_TurretGun</thingClass>
    <graphicData>
      <texPath>Building/Security/ShadeTurret_Bottom</texPath>
      <graphicClass>Graphic_Single</graphicClass>
      <drawSize>(3.5, 3.5)</drawSize>
    </graphicData>    
    <altitudeLayer>Building</altitudeLayer>
    <drawerType>MapMeshAndRealTime</drawerType>
    <stealable>false</stealable>
    <rotatable>true</rotatable>
    <size>(2,2)</size>
    <statBases>
      <MaxHitPoints>420</MaxHitPoints>
      <Flammability>0.7</Flammability>
      <WorkToBuild>18750</WorkToBuild>
      <Mass>120</Mass>
      <Beauty>-20</Beauty>
    </statBases>	
    <tickerType>Normal</tickerType>
    <passability>PassThroughOnly</passability>
    <pathCost>50</pathCost>
    <fillPercent>0.5</fillPercent>
    <hasTooltip>true</hasTooltip>
    <designationCategory>Security</designationCategory>
    <constructionSkillPrerequisite>9</constructionSkillPrerequisite>
    <building>
      <ai_combatDangerous>true</ai_combatDangerous>
    </building>
    <placeWorkers>
      <li>PlaceWorker_TurretTop</li>
      <li>PlaceWorker_ShowTurretRadius</li>
    </placeWorkers>
    <designationHotKey>Misc3</designationHotKey>    
    <uiIconScale>0.95</uiIconScale>
  </ThingDef>

  <ThingDef ParentName="Cov_Shader">
    <defName>ShadeTurret</defName>
    <label>Automated Shade Turret</label>
    <description>Unlike other Shader Turrets this one is Automated after the shipmaster evaluation of under defended bases across the rim he decided making them automated would free up much needed forces to go and do more  coordinated attacks.</description>
    <uiIconPath>Building/Security/ShadeFull_UI</uiIconPath>
    <statBases>
      <ShootingAccuracyTurret>0.96</ShootingAccuracyTurret> <!-- like level 8 human shooter -->
    </statBases>
    <costList>
      <Steel>225</Steel>
      <Plasteel>60</Plasteel>
      <ComponentIndustrial>8</ComponentIndustrial>
    </costList>
    <comps>
      <li Class="CompProperties_Explosive">
        <wickTicks>240</wickTicks>
        <explosiveRadius>5.9</explosiveRadius>
        <explosiveDamageType>Bomb</explosiveDamageType>
        <chanceNeverExplodeFromDamage>0.5</chanceNeverExplodeFromDamage>
      </li>
      <li Class="CompProperties_Forbiddable"/>
      <li Class="CompProperties_Power">
        <compClass>CompPowerTrader</compClass>
        <basePowerConsumption>180</basePowerConsumption>
      </li>
      <li Class="CompProperties_Flickable"/>
      <li Class="CompProperties_Breakdownable"/>
      <li Class="CompProperties_Refuelable">
        <fuelLabel>Shots until barrel change</fuelLabel>
        <fuelGizmoLabel>Barrel durability</fuelGizmoLabel>
        <outOfFuelMessage>Needs new barrel</outOfFuelMessage>
        <fuelFilter><thingDefs><li>Steel</li></thingDefs></fuelFilter>
        <fuelCapacity>360</fuelCapacity>       <!-- 40 bursts -->
        <fuelMultiplier>0.75</fuelMultiplier>  <!-- 1.333 steel per shot/3.99 per burst, 225 per full rearm-->
        <initialFuelPercent>1</initialFuelPercent>
        <autoRefuelPercent>0.25</autoRefuelPercent>
        <showFuelGizmo>true</showFuelGizmo>
        <minimumFueledThreshold>1</minimumFueledThreshold>
        <factorByDifficulty>true</factorByDifficulty>
        <consumeFuelOnlyWhenUsed>true</consumeFuelOnlyWhenUsed>
        <fuelIconPath>UI/Overlays/Barrel</fuelIconPath>
      </li>
    </comps>
    <building>
      <turretGunDef>ShadeTurret_top</turretGunDef>
      <turretBurstCooldownTime>3.5</turretBurstCooldownTime>
    </building>
    <researchPrerequisites>
      <li>CovenantArmory</li>
    </researchPrerequisites>
  </ThingDef>

  <ThingDef ParentName="BaseBullet">
    <defName>ShadeTurret_Bullet</defName>
    <label>Shade_Bullet</label>
    <graphicData>
      <texPath>Projectile/ShadeProjectile</texPath>
      <graphicClass>Graphic_Single</graphicClass>
      <drawSize>(1.5)</drawSize>
    </graphicData>
    <projectile>
      <damageDef>Burn</damageDef>
      <damageAmountBase>20</damageAmountBase>
      <speed>90</speed>
    </projectile>
  </ThingDef>

  <ThingDef ParentName="BaseWeaponTurret">
    <defName>ShadeTurret_top</defName>
    <label>Shade Turret</label>
    <description>A shade turret.</description>
    <graphicData>
      <texPath>Building/Security/ShadeTurret_top</texPath>
      <graphicClass>Graphic_Single</graphicClass>
      <drawSize>(3.5)</drawSize>
    </graphicData>
    <statBases>
      <AccuracyTouch>0.30</AccuracyTouch>
      <AccuracyShort>0.70</AccuracyShort>
      <AccuracyMedium>0.70</AccuracyMedium>
      <AccuracyLong>0.40</AccuracyLong>
      <RangedWeapon_Cooldown>3.3</RangedWeapon_Cooldown>
      <DeteriorationRate>0</DeteriorationRate>
      <Mass>44</Mass>
      <Flammability>0</Flammability>
    </statBases>
    <verbs>
      <li>
        <verbClass>Verb_Shoot</verbClass>
        <defaultProjectile>ShadeTurret_Bullet</defaultProjectile>
        <warmupTime>0</warmupTime>
        <minRange>4</minRange>
        <range>39.4</range>
        <ticksBetweenBurstShots>9</ticksBetweenBurstShots>
        <burstShotCount>3</burstShotCount>
        <soundCast>PlasmaRifle_Shot</soundCast>
        <soundCastTail>GunTail_Heavy</soundCastTail>
        <muzzleFlashScale>12</muzzleFlashScale>
        <consumeFuelPerShot>3</consumeFuelPerShot>
      </li>
    </verbs>
  </ThingDef>
  
  <!--  ==============================  PC  ============================  -->

  <ThingDef ParentName="BuildingBase" Name="Cov_Plasma" Abstract="True"> 
    <thingClass>Building_TurretGun</thingClass>
    <graphicData>
      <texPath>Building/Security/BigTurret_bottom</texPath>
      <graphicClass>Graphic_Single</graphicClass>
      <drawSize>(2.5, 2.5)</drawSize>
    </graphicData>    
    <altitudeLayer>Building</altitudeLayer>
    <drawerType>MapMeshAndRealTime</drawerType>
    <stealable>false</stealable>
    <rotatable>true</rotatable>
    <size>(2,2)</size>
    <statBases>
      <MaxHitPoints>420</MaxHitPoints>
      <Flammability>0.7</Flammability>
      <WorkToBuild>18750</WorkToBuild>
      <Mass>120</Mass>
      <Beauty>-20</Beauty>
    </statBases>	
    <tickerType>Normal</tickerType>
    <passability>PassThroughOnly</passability>
    <pathCost>50</pathCost>
    <fillPercent>0.5</fillPercent>
    <hasTooltip>true</hasTooltip>
    <designationCategory>Security</designationCategory>
    <constructionSkillPrerequisite>9</constructionSkillPrerequisite>
    <building>
      <ai_combatDangerous>true</ai_combatDangerous>
    </building>
    <placeWorkers>
      <li>PlaceWorker_TurretTop</li>
      <li>PlaceWorker_ShowTurretRadius</li>
    </placeWorkers>
    <designationHotKey>Misc3</designationHotKey>    
    <uiIconScale>0.95</uiIconScale>
  </ThingDef>

  <ThingDef ParentName="Cov_Plasma">
    <defName>Cov_PlasmaCannon</defName>
    <label>Plasma Cannon</label>
    <description>A Coveanat Plasma Cannon for your anti everything needs High Damg but a more delayed fire time.</description>
    <uiIconPath>Building/Security/BigFull_UI</uiIconPath>
    <statBases>
      <ShootingAccuracyTurret>0.98</ShootingAccuracyTurret> 
    </statBases>
    <costList>
      <Steel>300</Steel>
      <Plasteel>90</Plasteel>
      <Uranium>70</Uranium>
      <ComponentIndustrial>8</ComponentIndustrial>
    </costList>
    <comps>
      <li Class="CompProperties_Explosive">
        <wickTicks>240</wickTicks>
        <explosiveRadius>5.9</explosiveRadius>
        <explosiveDamageType>PlasmaExplosion</explosiveDamageType>
        <chanceNeverExplodeFromDamage>0.5</chanceNeverExplodeFromDamage>
      </li>
      <li Class="CompProperties_Forbiddable"/>
      <li Class="CompProperties_Power">
        <compClass>CompPowerTrader</compClass>
        <basePowerConsumption>190</basePowerConsumption>
      </li>
      <li Class="CompProperties_Flickable"/>
      <li Class="CompProperties_Breakdownable"/>
      <li Class="CompProperties_Refuelable">
        <fuelLabel>Shots until rearm</fuelLabel>
        <fuelGizmoLabel>Uranium</fuelGizmoLabel>
        <outOfFuelMessage>low Uranium</outOfFuelMessage>
        <fuelFilter><thingDefs><li>Uranium</li></thingDefs></fuelFilter>
        <fuelCapacity>60</fuelCapacity>       
        <fuelMultiplier>0.5</fuelMultiplier> 
        <initialFuelPercent>1</initialFuelPercent>
        <autoRefuelPercent>0.25</autoRefuelPercent>
        <showFuelGizmo>true</showFuelGizmo>
        <minimumFueledThreshold>1</minimumFueledThreshold>
        <factorByDifficulty>true</factorByDifficulty>
        <consumeFuelOnlyWhenUsed>true</consumeFuelOnlyWhenUsed>
        <fuelIconPath>UI/Overlays/Barrel</fuelIconPath>
      </li>
    </comps>
    <building>
      <turretGunDef>BigTurret_top</turretGunDef>
      <turretBurstCooldownTime>5.4</turretBurstCooldownTime>
    </building>
    <researchPrerequisites>
      <li>CovenantArmory</li>
    </researchPrerequisites>
  </ThingDef>
  
  <ThingDef ParentName="BaseBullet">
    <defName>Bullet_Plasmaex</defName>
    <label>Plasma</label>
    <graphicData>
      <texPath>Projectile/ConcussiveBolt</texPath>
      <graphicClass>Graphic_Single</graphicClass>
      <drawSize>1.4</drawSize>
    </graphicData>
    <thingClass>Projectile_Explosive</thingClass>
    <projectile>
      <damageDef>PlasmaExplosion</damageDef>
      <damageAmountBase>40</damageAmountBase>
      <speed>100</speed>
      <explosionRadius>1.5</explosionRadius>
      <postExplosionSpawnThingDef>SlagRubble</postExplosionSpawnThingDef>
      <postExplosionSpawnChance>0.8</postExplosionSpawnChance>
      <ai_IsIncendiary>false</ai_IsIncendiary>
      <arcHeightFactor>0.01</arcHeightFactor>
      <shadowSize>0.3</shadowSize>
    </projectile>
  </ThingDef>

  <ThingDef ParentName="BaseWeaponTurret">
    <defName>BigTurret_top</defName>
    <label>Plasma Turret</label>
    <description>A self-loading uranium slug cannon designed to attach to a turret.</description>
    <graphicData>
      <texPath>Building/Security/BigTurret_top</texPath>
      <graphicClass>Graphic_Single</graphicClass>
      <drawSize>(3,4)</drawSize>
    </graphicData>
    <statBases>
      <AccuracyTouch>0.20</AccuracyTouch>
      <AccuracyShort>0.30</AccuracyShort>
      <AccuracyMedium>0.40</AccuracyMedium>
      <AccuracyLong>0.95</AccuracyLong>
      <RangedWeapon_Cooldown>4.0</RangedWeapon_Cooldown>
      <DeteriorationRate>0</DeteriorationRate>
      <Mass>47</Mass>
      <Flammability>0</Flammability>
    </statBases>
    <verbs>
      <li>
        <verbClass>Verb_Shoot</verbClass>
        <defaultProjectile>Bullet_Plasmaex</defaultProjectile>
        <warmupTime>0</warmupTime>
        <minRange>5.2</minRange>
        <range>39.9</range>
        <forcedMissRadius>0.5</forcedMissRadius>
        <burstShotCount>1</burstShotCount>
        <soundCast>Repeater_Shot</soundCast>
        <soundCastTail>GunTail_Heavy</soundCastTail>
        <muzzleFlashScale>18</muzzleFlashScale>
        <consumeFuelPerShot>1</consumeFuelPerShot>
      </li>
    </verbs>
  </ThingDef>
  
  

</Defs>