﻿<?xml version="1.0" encoding="utf-8" ?>
<Defs>

  <ThingDef ParentName="DoorBase" Name="CovyDoorBase" Abstract="True">
    <statBases>
      <MaxHitPoints>500</MaxHitPoints>
      <Flammability>1.0</Flammability>
    </statBases>
  </ThingDef>

  <ThingDef ParentName="CovyDoorBase">
    <defName>CovyDoorFull</defName>
    <label>Covenant Door</label>
    <description>A Covenant Door. Stronger than normal doors. Must be manually opened.</description>
    <statBases>
      <WorkToBuild>800</WorkToBuild>
    </statBases>
    <graphicData>
      <texPath>Building/Door/CovyDoor_Mover</texPath>
      <graphicClass>Graphic_Single</graphicClass>
      <damageData>
        <enabled>false</enabled>
      </damageData>
    </graphicData>
    <uiIconPath>Building/Door/CovyDoorFull</uiIconPath>
    <building>
        <blueprintGraphicData>
            <texPath>Building/Door/DoorBlueprint</texPath>
        </blueprintGraphicData>
    </building>
    <constructionSkillPrerequisite>5</constructionSkillPrerequisite>
    <costList>
		<Steel>50</Steel>	
	</costList>	
  </ThingDef>
  
</Defs>