<?xml version="1.0" encoding="UTF-8"?>
<Defs>

	<!--=============== Plasma Turret ===============-->

	<ThingDef ParentName="BuildingBase">
		<defName>PlasmaTurret</defName>
		<label>A Covenant plasma turret</label>
		<description>A mounted heavy plasma gun turret used by the covenant.</description>
		<thingClass>Building_TurretGun</thingClass>
		<drawerType>MapMeshAndRealTime</drawerType>
		<graphicData>
			<texPath>Building/Security/PlasmaTurret_Base</texPath>
			<graphicClass>Graphic_Single</graphicClass>
			<drawSize>(2,2)</drawSize>
		</graphicData>
		<uiIconPath>Building/Security/PlasmaTurret_UI</uiIconPath>
		<uiIconScale>1.0</uiIconScale>
		<minifiedDef>MinifiedThing</minifiedDef>
		<altitudeLayer>Building</altitudeLayer>
		<stealable>false</stealable>
		<rotatable>true</rotatable>
		<thingCategories>
			<li>BuildingsSecurity</li>
		</thingCategories>
		<statBases>
			<MaxHitPoints>100</MaxHitPoints>
			<Flammability>0.7</Flammability>
			<WorkToBuild>1800</WorkToBuild>
			<Mass>8</Mass>
			<Beauty>-20</Beauty>
			<ShootingAccuracyTurret>0.96</ShootingAccuracyTurret>
		</statBases>
		<tickerType>Normal</tickerType>
		<comps>
			<li Class="CompProperties_Explosive">
				<wickTicks>240</wickTicks>
				<explosiveRadius>3.9</explosiveRadius>
				<explosiveDamageType>Bomb</explosiveDamageType>
				<chanceNeverExplodeFromDamage>0.5</chanceNeverExplodeFromDamage>
			</li>
			<li Class="CompProperties_Forbiddable" />
			<li Class="CompProperties_Mannable">
				<manWorkType>Violent</manWorkType>
			</li>
			<li Class="CompProperties_Flickable" />
			<li Class="CompProperties_Breakdownable" />
			<li Class="CompProperties_Refuelable">
				<fuelLabel>Shots until barrel change</fuelLabel>
				<fuelGizmoLabel>Barrel durability</fuelGizmoLabel>
				<outOfFuelMessage>Cannot shoot: Needs new barrel</outOfFuelMessage>
				<fuelFilter>
					<thingDefs>
						<li>Steel</li>
					</thingDefs>
				</fuelFilter>
				<fuelCapacity>60</fuelCapacity> <!-- 30 bursts -->
				<fuelMultiplier>0.75</fuelMultiplier> <!-- 1.333 steel per burst, 80 per full rearm -->
				<initialFuelPercent>1</initialFuelPercent>
				<autoRefuelPercent>0.5</autoRefuelPercent>
				<showFuelGizmo>true</showFuelGizmo>
				<minimumFueledThreshold>1</minimumFueledThreshold>
				<factorByDifficulty>true</factorByDifficulty>
				<consumeFuelOnlyWhenUsed>true</consumeFuelOnlyWhenUsed>
				<fuelIconPath>UI/Overlays/Barrel</fuelIconPath>
			</li>
		</comps>
		<passability>PassThroughOnly</passability>
		<pathCost>50</pathCost>
		<fillPercent>0.4</fillPercent>
		<hasTooltip>true</hasTooltip>
		<hasInteractionCell>True</hasInteractionCell>
		<interactionCellOffset>(0,0,-1)</interactionCellOffset>
		<costList>
			<Steel>100</Steel>
			<ComponentSpacer>2</ComponentSpacer>
		</costList>
		<terrainAffordanceNeeded>Light</terrainAffordanceNeeded>
		<designationCategory>Security</designationCategory>
		<constructionSkillPrerequisite>5</constructionSkillPrerequisite>
		<building>
			<combatPower>45</combatPower> <!-- same as a scavenger -->
			<ai_combatDangerous>true</ai_combatDangerous>
			<turretGunDef>PlasmaTurret_Gun</turretGunDef>
			<turretTopDrawSize>2</turretTopDrawSize>
			<turretBurstCooldownTime>4.8</turretBurstCooldownTime>
		</building>
		<placeWorkers>
			<li>PlaceWorker_TurretTop</li>
			<li>PlaceWorker_ShowTurretRadius</li>
			<li>PlaceWorker_PreventInteractionSpotOverlap</li>
		</placeWorkers>
		<researchPrerequisites>
			<li>CovenantArmory</li>
		</researchPrerequisites>
	</ThingDef>

	<ThingDef ParentName="BaseBullet">
		<defName>PlasmaTurret_Bullet</defName>
		<label>plasma burst</label>
		<graphicData>
			<texPath>Projectile/PlasmaProjectile</texPath>
			<graphicClass>Graphic_Single</graphicClass>
		</graphicData>
		<projectile>
			<damageDef>Burn</damageDef>
			<damageAmountBase>7</damageAmountBase>
			<armorPenetrationBase>0.35</armorPenetrationBase>
			<stoppingPower>0.2</stoppingPower>
			<speed>85</speed>
			<extraDamages>
				<li>
					<def>EMP</def>
					<amount>6</amount>
					<armorPenetration>0.5</armorPenetration>
				</li>
			</extraDamages>
		</projectile>
	</ThingDef>

	<ThingDef ParentName="BaseWeaponTurret">
		<defName>PlasmaTurret_Gun</defName>
		<label>covenant heavy plasma gun</label>
		<description>Mounted heavy plasma gun.</description>
		<graphicData>
			<texPath>Building/Security/PlasmaTurret_Top</texPath>
			<graphicClass>Graphic_Single</graphicClass>
		</graphicData>
		<statBases>
			<AccuracyTouch>0.70</AccuracyTouch>
			<AccuracyShort>0.64</AccuracyShort>
			<AccuracyMedium>0.41</AccuracyMedium>
			<AccuracyLong>0.22</AccuracyLong>
			<RangedWeapon_Cooldown>4.8</RangedWeapon_Cooldown>
			<DeteriorationRate>0</DeteriorationRate>
			<Mass>5</Mass>
			<Flammability>0</Flammability>
		</statBases>
		<verbs>
			<li>
				<verbClass>Verb_Shoot</verbClass>
				<defaultProjectile>PlasmaTurret_Bullet</defaultProjectile>
				<warmupTime>0</warmupTime>
				<range>36.9</range>
				<ticksBetweenBurstShots>8</ticksBetweenBurstShots>
				<burstShotCount>6</burstShotCount>
				<soundCast>Plasma_Turret_Shot</soundCast>
				<soundCastTail>GunTail_Heavy</soundCastTail>
				<muzzleFlashScale>9</muzzleFlashScale>
				<consumeFuelPerShot>1</consumeFuelPerShot>
			</li>
		</verbs>
	</ThingDef>

</Defs>