<?xml version="1.0" encoding="utf-8" ?>
<Defs>
<AlienRace.ThingDef_AlienRace ParentName="BasePawn">
    <defName>Alien_Unggoy</defName>
    <label>Unggoy</label>
    <description>Unggoy.</description>
    <alienRace>
      <generalSettings>
            <maleGenderProbability>0.9</maleGenderProbability>
            <immuneToAge>true</immuneToAge>

			  <disallowedTraits>
				<li>
					<defName>Brawler</defName>
				</li>
			  </disallowedTraits>
			
            <alienPartGenerator>
                <headTypes Inherit="False">
					<li>Female_AverageNormal</li>
                                        <li>Male_AverageNormal</li>
                </headTypes>
                <bodyTypes>
					<li>Female</li>
					<li>Male</li>
                    <li MayRequire="Ludeon.RimWorld.Biotech">Child</li>
                </bodyTypes>
				<customDrawSize>(1.20, 1.20)</customDrawSize>
				<customHeadDrawSize>(1.0, 1.0)</customHeadDrawSize>
				<headOffset>(0, 0.03)</headOffset>
				<colorChannels>
				  <li>
					  <name>skin</name>
						<first Class="ColorGenerator_Options">
							<options>
								<li>
									<weight>1</weight>
									<only>RGB(100,100,100)</only>
								</li>
							</options>
						</first>
						<second Class="ColorGenerator_Single">
								<color>RGB(1.000, 1.000, 1.000)</color>
    				</second>
					</li>
				</colorChannels>
        <!-- <anchorReplacements>
          <li>
            <originalTag>LeftEye</originalTag>
            <originalGroup>Torso</originalGroup>
              <replacement>
                <rotation>West</rotation>
                <tag>LeftEye</tag>
                <canMirror>false</canMirror>
                <offset>(-0.2, 0, 0.08)</offset>
                <range>0</range>
                <layer>Head</layer>
                <debugColor>(0,0,0,1)</debugColor>
              </replacement>
          </li>
          <li>
            <originalTag>LeftEye</originalTag>
            <originalGroup>Torso</originalGroup>
              <replacement>
                <rotation>South</rotation>
                <tag>LeftEye</tag>
                <canMirror>false</canMirror>
                <offset>(0.12, 0, 0)</offset>
                <range>0</range>
                <layer>Head</layer>
                <debugColor>(0,0,0,1)</debugColor>
              </replacement>
          </li>
          <li>
            <originalTag>RightEye</originalTag>
            <originalGroup>Torso</originalGroup>
              <replacement>
                <rotation>East</rotation>
                <tag>RightEye</tag>
                <canMirror>false</canMirror>
                <offset>(0.2, 0, 0.08)</offset>
                <range>0</range>
                <layer>Head</layer>
                <debugColor>(0,0,0,1)</debugColor>
              </replacement>
          </li>
          <li>
            <originalTag>RightEye</originalTag>
            <originalGroup>Torso</originalGroup>
              <replacement>
                <rotation>South</rotation>
                <tag>RightEye</tag>
                <canMirror>false</canMirror>
                <offset>(-0.12, 0, 0)</offset>
                <range>0</range>
                <layer>Head</layer>
                <debugColor>(0,0,0,1)</debugColor>
              </replacement>
          </li>
        </anchorReplacements>
		-->
        </alienPartGenerator>
            <humanRecipeImport>true</humanRecipeImport>
			  <maxDamageForSocialfight>5</maxDamageForSocialfight>
        
      <!--  <femaleFertilityAgeFactor>
          <points>
          <li>(14, 0)</li>
          <li>(20, 1)</li>
          <li>(35, 1)</li>
          <li>(70, 0.9)</li>
          <li>(80, 0.2)</li>
          <li>(100, 0.1)</li>
          <li>(130, 0)</li>
          </points>
        </femaleFertilityAgeFactor>
        <maleFertilityAgeFactor>
          <points>
          <li>(14, 0)</li>
          <li>(20, 1)</li>
          <li>(80, 1)</li>
          <li>(130, 0)</li>
          </points>
        </maleFertilityAgeFactor> -->
      </generalSettings>
        <graphicPaths>
			<skinShader>Cutout</skinShader>
            <head>
				<path>Things/Unggoy/Head/</path>
				<ageGraphics>
					<HumanlikeChild>Things/Unggoy/Head/Child</HumanlikeChild>
				</ageGraphics>
				<headtypeGraphics>
					<Male_AverageNormal>Things/Unggoy/Head/Male_Average_Normal</Male_AverageNormal>
					<Female_AverageNormal>Things/Unggoy/Head/Female_Average_Normal</Female_AverageNormal>
				</headtypeGraphics>
			<prioritization>
				<li>Age</li>
				<li>Bodytype</li>
				<li>Headtype</li>
				<li>Gender</li>
			</prioritization>
            </head>
			<body>
				<path>Things/Unggoy/Body/</path>
				<ageGraphics>
					<HumanlikeChild>Things/Unggoy/Body/UnggoyChild</HumanlikeChild>
				</ageGraphics>
				<bodytypeGraphics>
					<Hulk>
						<path>Things/Unggoy/Body/UnggoyMale</path>
					</Hulk>
				</bodytypeGraphics>
				<genderGraphics>
					<Male>
						<path>Things/Unggoy/Body/UnggoyMale</path>
					</Male>
					<Female>
						<path>Things/Unggoy/Body/UnggoyFemale</path>
					</Female>
				</genderGraphics>
			<prioritization>
				<li>Age</li>
				<li>Bodytype</li>
				<li>Headtype</li>
				<li>Gender</li>
			</prioritization>
			</body>
        </graphicPaths>
        <styleSettings>
        <li>
          <key>HairDef</key>
            <value>
              <hasStyle>false</hasStyle>
              <styleTags>
              </styleTags>
            </value>
        </li>
        <li>
        <key>BeardDef</key>
        <value>
            <hasStyle>true</hasStyle>
            <styleTags>
                <li>NoBeard</li>
            </styleTags>
        </value>
        </li>
        <li>
          <key>TattooDef</key>
            <value>
              <hasStyle>true</hasStyle>
            <styleTags>
                <li>NoTattoo</li>
            </styleTags>
        </value>
        </li>
        </styleSettings>
        <relationSettings>
        </relationSettings>
		 <thoughtSettings>
			<cannotReceiveThoughts>
			  <li>Naked</li>
			  <li>AteRawFood</li>
			  <li>AteHumanlikeMeatDirect</li>
			  <li>AteHumanlikeMeatAsIngredient</li>
			  <li>ObservedLayingCorpse</li>
			</cannotReceiveThoughts>
		</thoughtSettings>
		<raceRestriction>
			<xenotypeList>
				<li>UnggoyRace</li>
			</xenotypeList>
			<onlyUseRaceRestrictedXenotypes>
					true
			</onlyUseRaceRestrictedXenotypes>
			<whiteGeneList>
				<li>UnggoyVoice</li>
			</whiteGeneList>
			<onlyHaveRaceRestrictedGenes>
  					true
			</onlyHaveRaceRestrictedGenes>
                        <onlyUseRaceRestrictedApparel>false</onlyUseRaceRestrictedApparel>
				<apparelList>
                                        <li>GruntMinor</li>
                                        <li>GruntMask</li>
                                        <li>SpecOpsG</li>
                                        <li>SpecOpsHelm</li>
                                        <li>GruntUltra</li>
                                        <li>UltraHelm</li>
                                        <li>GruntMajor</li>
				</apparelList>
      <blackApparelList>
        <li>Apparel_BowlerHat</li>
        <li>Apparel_CowboyHat</li>
        <li>Apparel_SimpleHelmet</li>
        <li>Apparel_PsychicFoilHelmet</li>
        <li>Apparel_TribalHeaddress</li>
        <li>Apparel_AuthorityCap</li>
        <li>Apparel_ArmorMarineHelmetPrestige</li>
        <li>Apparel_Blindfold</li>
        <li>Apparel_ArmorHelmetReconPrestige</li>
        <li>Apparel_ArmorHelmetRecon</li>
        <li>Apparel_PowerArmorHelmet</li>
        <li>Apparel_WarMask</li>
        <li>Apparel_VisageMask</li>
        <li>Apparel_EltexSkullcap</li>
        <li>Apparel_PsyfocusHelmet</li>
        <li>Apparel_WarVeil</li>
        <li>Apparel_CrownStellic</li>
        <li>Apparel_Tuque</li>
        <li>Apparel_Burka</li>
        <li>Apparel_Slicecap</li>
        <li>Apparel_Flophat</li>
        <li>Apparel_Broadwrap</li>
        <li>Apparel_Headwrap</li>
        <li>Apparel_VisageMask</li>
      </blackApparelList>
      <blackEndoCategories>
        <li>Melanin</li>
      </blackEndoCategories>
      <blackGeneTags>
        <li>SkinColor</li>
        <li>SkinColorOverride</li>
      </blackGeneTags>
			<researchList>
				<li>
					<projects>
						<li>CovenantArmory</li>
					</projects>
				</li>
			</researchList>
		</raceRestriction>
    </alienRace>
	  <statBases>
    		<MarketValue>1750</MarketValue>
    		<MoveSpeed>3.6</MoveSpeed>
    		<MiningSpeed>5.0</MiningSpeed>
    		<HuntingStealth>0.10</HuntingStealth>
    		<Flammability>0.6</Flammability>
    		<ComfyTemperatureMin>0</ComfyTemperatureMin>
    		<ComfyTemperatureMax>30</ComfyTemperatureMax>
    		<ToxicResistance>1.5</ToxicResistance>
    		<PsychicSensitivity>0.5</PsychicSensitivity>
    		<PainShockThreshold>.4</PainShockThreshold>
    		<MentalBreakThreshold>0.10</MentalBreakThreshold>
    		<SocialImpact>0.8</SocialImpact>
    		<GlobalLearningFactor>1.0</GlobalLearningFactor>
    		<ImmunityGainSpeed>7</ImmunityGainSpeed>
    		<LeatherAmount>10</LeatherAmount>
    		<MeatAmount>120</MeatAmount>
    		<ArmorRating_Sharp>0.30</ArmorRating_Sharp>
    		<ArmorRating_Blunt>0.10</ArmorRating_Blunt>
    		<ArmorRating_Heat>0.30</ArmorRating_Heat>
    		<CarryingCapacity>110</CarryingCapacity>
    		<Mass>90.0</Mass>
    		<ResearchSpeed>1</ResearchSpeed>
	  </statBases>
      <tools>
      <li>
        <label>left fist</label>
        <capacities>
			<li>Blunt</li>
			<li>Scratch</li>
        </capacities>
        <power>35</power>
        <cooldownTime>1.2</cooldownTime>
        <linkedBodyPartsGroup>LeftHand</linkedBodyPartsGroup>
        <surpriseAttack>
          <extraMeleeDamages>
            <li>
              <def>Stun</def>
              <amount>4</amount>
            </li>
          </extraMeleeDamages>
        </surpriseAttack>
      </li>
      <li>
        <label>right fist</label>
        <capacities>
          <li>Blunt</li>
		  <li>Scratch</li>
        </capacities>
        <power>5</power>
        <cooldownTime>1.2</cooldownTime>
        <linkedBodyPartsGroup>RightHand</linkedBodyPartsGroup>
        <surpriseAttack>
          <extraMeleeDamages>
            <li>
              <def>Stun</def>
              <amount>4</amount>
            </li>
          </extraMeleeDamages>
        </surpriseAttack>
      </li>
      <li>
        <label>head</label>
        <capacities>
          <li>Blunt</li>
        </capacities>
        <power>5</power>
        <cooldownTime>1.4</cooldownTime>
        <linkedBodyPartsGroup>HeadAttackTool</linkedBodyPartsGroup>
        <chanceFactor>0.3</chanceFactor>
      </li>
      </tools>
      <race>
        <thinkTreeMain>Humanlike</thinkTreeMain>
        <thinkTreeConstant>HumanlikeConstant</thinkTreeConstant>
        <intelligence>Humanlike</intelligence>
        <makesFootprints>true</makesFootprints>
        <lifeExpectancy>90</lifeExpectancy>
        <leatherDef>Leather_Unggoy</leatherDef>
	      <nameGenerator>NamerUnggoyMale</nameGenerator>
        <nameGeneratorFemale>NamerUnggoyFemale</nameGeneratorFemale> 
        <body>Unggoy</body>
        <bloodDef>FilthBloodUnggoy</bloodDef>	
        <meatColor>(81,200,204,255)</meatColor>
        <fleshType>Unggoy</fleshType>
        <baseBodySize>1.5</baseBodySize>
        <baseHealthScale>1.5</baseHealthScale>
        <foodType>OmnivoreHuman</foodType>
        <gestationPeriodDays>45</gestationPeriodDays>
        <litterSizeCurve>
        <points>
          <li>(0.5, 0)</li>
          <li>(1, 1)</li>
          <li>(1.01, 0.02)</li>
          <li>(3.5, 0)</li>
        </points>
      </litterSizeCurve>
      <lifeStageAges>
        <li>
          <def>HumanlikeBaby</def>
          <minAge>0</minAge>
        </li>
        <li>
          <def>HumanlikeChild</def>
          <minAge>4</minAge>
        </li>
		<li>
           <def>TeenUnggoyStage</def>
           <minAge>10</minAge>
        </li>
        <li>
			<def>AdultUnggoyStage</def>
			<minAge>25</minAge>
        </li>
      </lifeStageAges>
      <soundMeleeHitPawn>Pawn_Melee_Punch_HitPawn</soundMeleeHitPawn>
      <soundMeleeHitBuilding>Pawn_Melee_Punch_HitBuilding</soundMeleeHitBuilding>
      <soundMeleeMiss>Pawn_Melee_Punch_Miss</soundMeleeMiss>
      <specialShadowData>
        <volume>(0.3, 0.8, 0.4)</volume>
        <offset>(0,0,-0.3)</offset>
      </specialShadowData>
	  <ageGenerationCurve>
        <points>
          <li MayRequire="Ludeon.RimWorld.Biotech">(0,0)</li>
          <li MayRequire="Ludeon.RimWorld.Biotech">(0.001,30)</li>
          <li MayRequire="Ludeon.RimWorld.Biotech">(8,50)</li>
          <li MayRequire="Ludeon.RimWorld.Biotech">(12.5,70)</li>  <!-- Exclude 12.5-13 years to avoid spawning pawns who are very close to becoming adults -->  
          <li>(14,0)</li>
          <li MayRequire="Ludeon.RimWorld.Biotech">(14.001,90)</li>
          <li>(25,50)</li>
		  <li>(75,100)</li>
          <li>(100,30)</li>
          <li>(125,5)</li>
          <li>(150,0)</li>
        </points>
      </ageGenerationCurve>
      <hediffGiverSets>
        <li>OrganicStandard</li>
      </hediffGiverSets>
    </race>
    <recipes>
      <li>InstallArchotechEye</li>
      <li>InstallArchotechArm</li>
      <li>InstallArchotechLeg</li>
      <li>InstallPowerClaw</li>
      <li>InstallBionicEye</li>
      <li>InstallBionicArm</li>
      <li>InstallBionicLeg</li>
      <li>InstallBionicSpine</li>
      <li>InstallBionicHeart</li>
      <li>InstallBionicStomach</li>
      <li>InstallBionicEar</li>
      <li>InstallSimpleProstheticArm</li>
      <li>InstallSimpleProstheticLeg</li>
      <li>InstallSimpleProstheticHeart</li>
      <li>InstallCochlearImplant</li>
      <li>InstallPegLeg</li>
      <li>InstallDenture</li>
      <li>InstallJoywire</li>
      <li>InstallPainstopper</li>
      <li>InstallNaturalHeart</li>
      <li>InstallNaturalLung</li>
      <li>InstallNaturalKidney</li>
      <li>InstallNaturalLiver</li>
      <li>ExciseCarcinoma</li>
      <li>RemoveBodyPart</li>
      <li>Euthanize</li>
      <li>Anesthetize</li>
    </recipes>
</AlienRace.ThingDef_AlienRace>

<AlienRace.RaceSettings>
    <defName>Unggoy_Settings</defName>
		<pawnKindSettings>
            <alienrefugeekinds>
                <li>
                    <kindDefs>
						<li>UnggoyRefugee</li>
                    </kindDefs>
                    <chance>40.0</chance>
                </li>
            </alienrefugeekinds>
			<startingColonists>
				<li>
				<pawnKindEntries>
					<li>
                    <kindDefs>
						<li>UnggoyColonist</li>
                    </kindDefs>
                    <chance>10.0</chance>
					</li>
				</pawnKindEntries>
					<factionDefs>
						<li>UnggoyPlayerColony</li> 
					</factionDefs>
				</li>
			</startingColonists>
            <alienwandererkinds>
                <li>
                    <pawnKindEntries>
                        <li>
                            <kindDefs>
								<li>UnggoyColonist</li>
                            </kindDefs>
                            <chance>50.0</chance>
                        </li>
                    </pawnKindEntries>
                    <factionDefs>
                        <li>CovenantPlayerColony</li> 
                    </factionDefs>
                </li>
            </alienwandererkinds>
        </pawnKindSettings>
</AlienRace.RaceSettings>

</Defs>