﻿<?xml version="1.0" encoding="utf-8"?>

<Defs>
	
	  <HediffDef ParentName="AddedBodyPartBase">
    <defName>KigYarEye</defName>
    <label>kig-yar eye</label>
    <labelNoun>a kig-yar eye</labelNoun>
    <description>The eye of a kig-yar.</description>
    <addedPartProps>
      <solid>true</solid>
      <partEfficiency>1.50</partEfficiency>
      <betterThanNatural>true</betterThanNatural>
    </addedPartProps>
  </HediffDef>
	
	<HediffGiverSetDef>
		<defName>KigYarRace_HediffGiverSet</defName>
		<hediffGivers>
			<li Class="HediffGiver_Birthday">
				<hediff>KigYarEye</hediff>
				<partsToAffect>
					<li>KigYarEye</li>
				</partsToAffect>
				<countToAffect>2</countToAffect>
				<ageFractionChanceCurve>
					<points>
						<li>(0, 1)</li>
					</points>
				</ageFractionChanceCurve>
			</li>
		</hediffGivers>
	</HediffGiverSetDef>
	
</Defs>