﻿<?xml version="1.0" encoding="utf-8"?>

<Defs>

	<BodyPartDef>
		<defName>KigYarBeak</defName>
		<label>beak</label>
		<hitPoints>20</hitPoints>
		<frostbiteVulnerability>0</frostbiteVulnerability>
		<permanentInjuryChanceFactor>0</permanentInjuryChanceFactor>
		<skinCovered>false</skinCovered>
		<solid>true</solid>
		<beautyRelated>true</beautyRelated>
		<bleedRate>0</bleedRate>
		<tags>
			<li>EatingSource</li>
			<li>TalkingSource</li>
		</tags>
	</BodyPartDef>

	<BodyPartDef>
		<defName>KigYarEye</defName>
		<label>eye</label>
		<hitPoints>10</hitPoints>
		<permanentInjuryChanceFactor>15</permanentInjuryChanceFactor>
		<delicate>true</delicate>
		<skinCovered>false</skinCovered>
		<socketed>true</socketed>
		<beautyRelated>true</beautyRelated>
		<tags>
			<li>SightSource</li>
		</tags>
		<hitChanceFactors>
			<li>
				<key>Blunt</key>
				<value>0</value>
			</li>
		</hitChanceFactors>
	</BodyPartDef>

	<!--Bones-->

	<BodyPartDef>
		<defName>KigYarClavicle</defName>
		<label>clavicle</label>
		<hitPoints>15</hitPoints> <!--Original Value 25-->
		<permanentInjuryChanceFactor>0</permanentInjuryChanceFactor>
		<skinCovered>false</skinCovered>
		<solid>true</solid>
		<bleedRate>0</bleedRate>
		<tags>
			<li>ManipulationLimbSegment</li>
		</tags>
		<destroyableByDamage>false</destroyableByDamage>
	</BodyPartDef>

	<BodyPartDef>
		<defName>KigYarSternum</defName>
		<label>sternum</label>
		<hitPoints>10</hitPoints> <!--Original Value 20-->
		<permanentInjuryChanceFactor>0</permanentInjuryChanceFactor>
		<skinCovered>false</skinCovered>
		<solid>true</solid>
		<bleedRate>0</bleedRate>
		<tags>
			<li>BreathingSourceCage</li>
		</tags>
		<destroyableByDamage>false</destroyableByDamage>
	</BodyPartDef>

	<BodyPartDef>
		<defName>KigYarHumerus</defName>
		<label>humerus</label>
		<hitPoints>15</hitPoints> <!--Original Value 25-->
		<permanentInjuryChanceFactor>0</permanentInjuryChanceFactor>
		<skinCovered>false</skinCovered>
		<solid>true</solid>
		<bleedRate>0</bleedRate>
		<tags>
			<li>ManipulationLimbSegment</li>
		</tags>
	</BodyPartDef>

	<BodyPartDef>
		<defName>KigYarRadius</defName>
		<label>radius</label>
		<hitPoints>10</hitPoints> <!--Original Value 20-->
		<permanentInjuryChanceFactor>0</permanentInjuryChanceFactor>
		<skinCovered>false</skinCovered>
		<solid>true</solid>
		<bleedRate>0</bleedRate>
		<tags>
			<li>ManipulationLimbSegment</li>
		</tags>
	</BodyPartDef>

	<BodyPartDef>
		<defName>KigYarPelvis</defName>
		<label>pelvis</label>
		<hitPoints>15</hitPoints> <!--Original Value 25-->
		<permanentInjuryChanceFactor>0</permanentInjuryChanceFactor>
		<skinCovered>false</skinCovered>
		<solid>true</solid>
		<bleedRate>0</bleedRate>
		<tags>
			<li>Pelvis</li>
		</tags>
		<destroyableByDamage>false</destroyableByDamage>
	</BodyPartDef>

	<BodyPartDef>
		<defName>KigYarFemur</defName>
		<label>femur</label>
		<hitPoints>15</hitPoints> <!--Original Value 25-->
		<permanentInjuryChanceFactor>0</permanentInjuryChanceFactor>
		<skinCovered>false</skinCovered>
		<solid>true</solid>
		<bleedRate>0</bleedRate>
		<tags>
			<li>MovingLimbSegment</li>
		</tags>
	</BodyPartDef>

	<BodyPartDef>
		<defName>KigYarTibia</defName>
		<label>tibia</label>
		<hitPoints>15</hitPoints> <!--Original Value 25-->
		<permanentInjuryChanceFactor>0</permanentInjuryChanceFactor>
		<skinCovered>false</skinCovered>
		<solid>true</solid>
		<bleedRate>0</bleedRate>
		<tags>
			<li>MovingLimbSegment</li>
		</tags>
	</BodyPartDef>

	<BodyPartDef>
		<defName>KigYarSkull</defName>
		<label>skull</label>
		<hitPoints>15</hitPoints> <!--Original Value 25-->
		<permanentInjuryChanceFactor>0</permanentInjuryChanceFactor>
		<skinCovered>false</skinCovered>
		<solid>true</solid>
		<canSuggestAmputation>false</canSuggestAmputation>
		<bleedRate>0</bleedRate>
		<destroyableByDamage>false</destroyableByDamage>
	</BodyPartDef>

	<BodyPartDef>
		<defName>KigYarRibcage</defName>
		<label>ribcage</label>
		<hitPoints>15</hitPoints> <!--Original Value 30K-->
		<permanentInjuryChanceFactor>0</permanentInjuryChanceFactor>
		<skinCovered>false</skinCovered>
		<solid>true</solid>
		<bleedRate>0</bleedRate>
		<tags>
			<li>BreathingSourceCage</li>
		</tags>
		<destroyableByDamage>false</destroyableByDamage>
	</BodyPartDef>
	
	<!--Bones-->
	
</Defs>