﻿<?xml version="1.0" encoding="utf-8" ?>
<Defs>

  <!-- Energy Sword -->
  <ManeuverDef>
    <defName>EnergySwordSlash</defName>
    <requiredCapacity>EnergySlash</requiredCapacity>
    <verb>
      <verbClass>Verb_MeleeAttackDamage</verbClass>
      <meleeDamageDef>Cut</meleeDamageDef>
	  <soundCast>SwordHitBuilding</soundCast>
    </verb>
    <logEntryDef>MeleeAttack</logEntryDef>
    <combatLogRulesHit>Maneuver_Slash_MeleeHit</combatLogRulesHit>
    <combatLogRulesDeflect>Maneuver_Slash_MeleeDeflect</combatLogRulesDeflect>
    <combatLogRulesMiss>Maneuver_Slash_MeleeMiss</combatLogRulesMiss>
    <combatLogRulesDodge>Maneuver_Slash_MeleeDodge</combatLogRulesDodge>
  </ManeuverDef>
  
  <ManeuverDef>
    <defName>EnergySwordStab</defName>
    <requiredCapacity>EnergyStab</requiredCapacity>
    <verb>
      <verbClass>Verb_MeleeAttackDamage</verbClass>
      <meleeDamageDef>Stab</meleeDamageDef>
	  <soundCast>SwordHitBuilding</soundCast>
    </verb>
    <logEntryDef>MeleeAttack</logEntryDef>
    <combatLogRulesHit>Maneuver_Stab_MeleeHit</combatLogRulesHit>
    <combatLogRulesDeflect>Maneuver_Stab_MeleeDeflect</combatLogRulesDeflect>
    <combatLogRulesMiss>Maneuver_Stab_MeleeMiss</combatLogRulesMiss>
    <combatLogRulesDodge>Maneuver_Stab_MeleeDodge</combatLogRulesDodge>
  </ManeuverDef>
  
</Defs>
