﻿<?xml version="1.0" encoding="utf-8" ?>
<Defs>

  <ThingDef ParentName="LeatherBase">
    <defName>Leather_Sangheili</defName>
    <label>Sangheili leather</label>
    <description>sangheili skin.</description>
    <graphicData>
      <color>(95,97,95)</color>
    </graphicData>
    <statBases>
      <MarketValue>7.2</MarketValue>
      <StuffPower_Armor_Sharp>0.60</StuffPower_Armor_Sharp>
      <StuffPower_Insulation_Cold>8</StuffPower_Insulation_Cold>
      <StuffPower_Insulation_Heat>34</StuffPower_Insulation_Heat>
    </statBases>
    <stuffProps>
      <color>(95,97,95)</color>
      <commonality>0.0025</commonality>
    </stuffProps>
  </ThingDef>

  <ThingDef ParentName="LeatherBase">
    <defName>Leather_KigYar</defName>
    <label>KigYar leather</label>
    <description>KigYar skin.</description>
    <graphicData>
      <color>(95,97,95)</color>
    </graphicData>
    <statBases>
      <MarketValue>7.2</MarketValue>
      <StuffPower_Armor_Sharp>0.60</StuffPower_Armor_Sharp>
      <StuffPower_Insulation_Cold>8</StuffPower_Insulation_Cold>
      <StuffPower_Insulation_Heat>34</StuffPower_Insulation_Heat>
    </statBases>
    <stuffProps>
      <color>(95,97,95)</color>
      <commonality>0.0025</commonality>
    </stuffProps>
  </ThingDef>

  <ThingDef ParentName="LeatherBase">
    <defName>Leather_Unggoy</defName>
    <label>Unggoy leather</label>
    <description>Unggoy skin.</description>
    <graphicData>
      <color>(95,97,95)</color>
    </graphicData>
    <statBases>
      <MarketValue>7.2</MarketValue>
      <StuffPower_Armor_Sharp>0.30</StuffPower_Armor_Sharp>
      <StuffPower_Insulation_Cold>8</StuffPower_Insulation_Cold>
      <StuffPower_Insulation_Heat>24</StuffPower_Insulation_Heat>
    </statBases>
    <stuffProps>
      <color>(95,97,95)</color>
      <commonality>0.0025</commonality>
    </stuffProps>
  </ThingDef>
  
</Defs>
