<?xml version="1.0" encoding="utf-8" ?>
<Defs>

    <XenotypeDef>
        <defName>UnggoyRace</defName>
        <label>Unggoy</label>
        <description>The Unggoy race one of the many race apart of the Covneant.</description>
        <descriptionShort>The Unggoy race one of the many race apart of the Covneant.</descriptionShort>
        <iconPath>UI/Xenotypes/UnggoyXenotypeSymbol</iconPath>
        <inheritable>true</inheritable>
        <genes>
            <li>UnggoyVoice</li>
            <li>Body_Standard</li>
        </genes>
    </XenotypeDef>

</Defs>
