﻿<?xml version="1.0" encoding="utf-8" ?>
<Defs>
 
  <!-- Concussion Rifle --> 
  <ThingDef ParentName="BaseBullet">
    <defName>Bullet_ConcussiveBolt</defName>
    <label>Concussive bolt</label>
    <graphicData>
		<texPath>Projectile/ConcussiveBolt</texPath>
		<graphicClass>Graphic_Single</graphicClass>
		<shaderType>TransparentPostLight</shaderType>
	</graphicData>
    <thingClass>Projectile_Explosive</thingClass>
    <projectile>
      <damageDef>Bomb</damageDef>
      <damageAmountBase>15</damageAmountBase>
	  <stoppingPower>3</stoppingPower>
      <speed>40</speed>
      <explosionRadius>1.5</explosionRadius>
    </projectile>
  </ThingDef>

  <ThingDef ParentName="BaseHumanMakeableGun">
    <defName>Cov_ConcussionRifle</defName>
    <label>Type-50 CR</label>
    <description>Type 50 Directed Energy Rifle otherwise nicknamed Concussion Rifle.</description>
    <graphicData>
		<texPath>Item/Equipment/WeaponRanged/ConcussionRifle</texPath>
		<graphicClass>Graphic_Single</graphicClass>
    </graphicData>
	<soundInteract>Interact_Rifle</soundInteract>
    <statBases>
      <WorkToMake>45000</WorkToMake>
	  <Mass>3.6</Mass>
	  <AccuracyTouch>0.92</AccuracyTouch>
      <AccuracyShort>0.72</AccuracyShort>
      <AccuracyMedium>0.32</AccuracyMedium>
      <AccuracyLong>0.12</AccuracyLong>
	  <RangedWeapon_Cooldown>2.33</RangedWeapon_Cooldown>
    </statBases>
	<costList>
      <Steel>55</Steel>
      <ComponentSpacer>3</ComponentSpacer>
	  <Plasteel>30</Plasteel>
    </costList>
	<recipeMaker>
		<researchPrerequisite>CovenantArmory</researchPrerequisite>
		<skillRequirements>
			<Crafting>7</Crafting>
		</skillRequirements>
		<recipeUsers Inherit="False">
			<li>FabricationBench</li>
		</recipeUsers>
	</recipeMaker>
	<weaponTags>
      <li>ConcussionRifle</li>
    </weaponTags>
    <verbs>
	  <li>
        <verbClass>Verb_Shoot</verbClass>
        <hasStandardCommand>true</hasStandardCommand>
        <defaultProjectile>Bullet_ConcussiveBolt</defaultProjectile>
		<forcedMissRadius>0.1</forcedMissRadius>
        <warmupTime>2.5</warmupTime>
        <range>24</range>
        <burstShotCount>3</burstShotCount>
        <ticksBetweenBurstShots>20</ticksBetweenBurstShots>
        <soundCast>ConcussionRifleShot</soundCast>
		<soundCastTail>GunTail_Medium</soundCastTail>
		<muzzleFlashScale>9</muzzleFlashScale>
      </li>
    </verbs>
	<tools>
      <li>
        <label>stock</label>
        <capacities>
          <li>Blunt</li>
        </capacities>
        <power>9</power>
        <cooldownTime>1.8</cooldownTime>
      </li>
      <li>
        <label>barrel</label>
        <capacities>
          <li>Blunt</li>
          <li>Poke</li>
        </capacities>
        <power>10</power>
        <cooldownTime>1.9</cooldownTime>
      </li>
    </tools>
  </ThingDef>
  
</Defs>