﻿<?xml version="1.0" encoding="utf-8" ?>
<Defs>

<ThingDef ParentName="BaseHumanMakeableGun">
    <defName>Cov_Carbine</defName>
    <label>Type 51 Carbine</label>
    <description>Type-51 Carbine</description>
    <techLevel>Spacer</techLevel>
    <graphicData>
      <texPath>Item/Equipment/WeaponRanged/Carbine</texPath>
		<graphicClass>Graphic_Single</graphicClass>
    </graphicData>
    <soundInteract>Interact_ChargeRifle</soundInteract>
    <thingSetMakerTags><li>RewardStandardQualitySuper</li></thingSetMakerTags>
       <statBases>
     <!-- <WorkToMake>45000</WorkToMake> -->
      <Mass>8.8</Mass>
      <AccuracyTouch>0.50</AccuracyTouch>
      <AccuracyShort>0.80</AccuracyShort>
      <AccuracyMedium>0.75</AccuracyMedium>
      <AccuracyLong>0.70</AccuracyLong>
      <RangedWeapon_Cooldown>2.00</RangedWeapon_Cooldown>
		   <MarketValue>4000</MarketValue>
    </statBases>
  <!--  <recipeMaker>
      <researchPrerequisite>CovenantArmory</researchPrerequisite>
      <skillRequirements>
        <Crafting>9</Crafting>
      </skillRequirements>
      <recipeUsers Inherit="False">
        <li>FabricationBench</li>
      </recipeUsers>
    </recipeMaker>
    <costList>
      <Plasteel>20</Plasteel>
		   <Steel>50</Steel>
      <ComponentSpacer>2</ComponentSpacer>
    </costList> -->
	
		    <costList>
      <Plasteel>150</Plasteel>
      <ComponentSpacer>6</ComponentSpacer>
    </costList>
    <weaponTags>
      <li>SpacerGun</li>
    </weaponTags>

    <verbs>
      <li>
        <verbClass>Verb_Shoot</verbClass>
        <hasStandardCommand>true</hasStandardCommand>
        <defaultProjectile>Bullet_CarbineProjectile</defaultProjectile>
        <warmupTime>0.5</warmupTime>
        <range>26.9</range>
		   <burstShotCount>2</burstShotCount>
        <ticksBetweenBurstShots>7</ticksBetweenBurstShots>
        <soundCast>Carbine_shot</soundCast>
        <soundCastTail>GunTail_Medium</soundCastTail>
        <muzzleFlashScale>7</muzzleFlashScale>
      </li>
    </verbs>
    <tools>
      <li>
        <label>barrel</label>
        <capacities>
          <li>Blunt</li>
          <li>Poke</li>
        </capacities>
        <power>9</power>
        <cooldownTime>2</cooldownTime>
      </li>
    </tools>
  </ThingDef>
  <ThingDef ParentName="BaseBullet">
    <defName>Bullet_CarbineProjectile</defName>
    <label>Carbine Shot</label>
    <graphicData>
      <texPath>Projectile/CarbineProjectile</texPath>
      <graphicClass>Graphic_Single</graphicClass>
      <shaderType>TransparentPostLight</shaderType>
      <drawSize>0.9</drawSize>
    </graphicData>
    <projectile>
      <damageDef>Bullet</damageDef>
      <damageAmountBase>16</damageAmountBase>
      <armorPenetrationBase>0.5</armorPenetrationBase>
      <speed>70</speed>
    </projectile>
  </ThingDef>
  
</Defs>