﻿<?xml version="1.0" encoding="utf-8" ?>
<Defs>
  
  <!-- Fuel Rod Cannon --> 
  <ThingDef ParentName="BaseBullet">
    <defName>Bullet_FuelRod</defName>
    <label>fuel rod</label>
    <graphicData>
		<texPath>Projectile/FuelRodProjectile</texPath>
		<graphicClass>Graphic_Single</graphicClass>
	</graphicData>
	<thingClass>Projectile_Explosive</thingClass>
    <projectile>
      <damageDef>Bomb</damageDef>
      <damageAmountBase>50</damageAmountBase>
      <speed>40</speed>
      <explosionRadius>4.0</explosionRadius>
	  <ai_IsIncendiary>true</ai_IsIncendiary>
    </projectile>
  </ThingDef>

  <ThingDef ParentName="BaseHumanMakeableGun">
    <defName>FuelRodCannon</defName>
    <label>Fuel rod cannon</label>
    <description>Fires explosive ballistic incendiary gel projectiles.</description>
    <graphicData>
		<texPath>Item/Equipment/WeaponRanged/Fuelrod_Cannon</texPath>
		<graphicClass>Graphic_Single</graphicClass>
    </graphicData>
	<statBases>
      <WorkToMake>80000</WorkToMake>
	  <MarketValue>4500</MarketValue>
	  <Mass>8.5</Mass>
      <AccuracyTouch>1.0</AccuracyTouch>
      <AccuracyShort>0.95</AccuracyShort>
      <AccuracyMedium>0.92</AccuracyMedium>
      <AccuracyLong>0.75</AccuracyLong>
      <RangedWeapon_Cooldown>4.5</RangedWeapon_Cooldown>
    </statBases>
	<costList>
	  <Steel>60</Steel>
	  <ComponentSpacer>5</ComponentSpacer>
	  <Plasteel>30</Plasteel>
	  <Chemfuel>90</Chemfuel>
	</costList>
	<recipeMaker>
		<researchPrerequisite>CovenantArmory</researchPrerequisite>
		<skillRequirements>
			<Crafting>8</Crafting>
		</skillRequirements>
		<recipeUsers Inherit="False">
			<li>FabricationBench</li>
		</recipeUsers>
	</recipeMaker>
    <weaponTags>
      <li>Cov_FuelRodCannon</li>
    </weaponTags>
    <tradeTags>
      <li>Exotic</li>
    </tradeTags>
    <verbs>
      <li>
        <verbClass>Verb_Shoot</verbClass>
        <hasStandardCommand>true</hasStandardCommand>
        <defaultProjectile>Bullet_FuelRod</defaultProjectile>
        <forcedMissRadius>0.1</forcedMissRadius>
        <warmupTime>4.5</warmupTime>
        <range>27</range>
        <burstShotCount>1</burstShotCount>
        <soundCast>FuelRod_Shot</soundCast>
        <soundCastTail>GunTail_Heavy</soundCastTail>
	<muzzleFlashScale>9</muzzleFlashScale>
        <targetParams>
          <canTargetLocations>true</canTargetLocations>
        </targetParams>
      </li>
    </verbs>
	<tools>
      <li>
        <label>barrel</label>
        <capacities>
          <li>Blunt</li>
        </capacities>
        <power>10</power>
        <cooldownTime>1.9</cooldownTime>
      </li>
    </tools>
  </ThingDef>
  
</Defs>