﻿<?xml version="1.0" encoding="utf-8" ?>
<Defs>

  <!-- Needle Rifle -->  
  <ThingDef ParentName="BaseBullet">
    <defName>Bullet_NeedleLarge</defName>
    <label>needle</label>
    <projectile>
      <damageDef>Needle</damageDef>
      <damageAmountBase>17</damageAmountBase>
	  <stoppingPower>1</stoppingPower>
      <speed>100</speed>
    </projectile>
    <graphicData>
		<texPath>Projectile/NeedleLarge</texPath>
		<graphicClass>Graphic_Single</graphicClass>
                <drawSize>1.6</drawSize>
	</graphicData>
  </ThingDef>
  
  <ThingDef ParentName="BaseHumanMakeableGun">
    <defName>NeedleRifle</defName>
    <label>Type 31 Needle Rifle</label>
    <description>Covenant anti-infantry weapon, best at medium/long range.</description>
    <graphicData>
		<texPath>Item/Equipment/WeaponRanged/NeedleRifle</texPath>
		<graphicClass>Graphic_Single</graphicClass>
    </graphicData>
	<soundInteract>Interact_Rifle</soundInteract>
    <statBases>
      <WorkToMake>45000</WorkToMake>
	  <Mass>3.6</Mass>
	  <AccuracyTouch>1.0</AccuracyTouch>
      <AccuracyShort>0.90</AccuracyShort>
      <AccuracyMedium>0.70</AccuracyMedium>
      <AccuracyLong>0.60</AccuracyLong>
	  <RangedWeapon_Cooldown>1.26</RangedWeapon_Cooldown>
    </statBases>
	<costList>
      <Steel>40</Steel>
      <ComponentSpacer>7</ComponentSpacer>
	  <Plasteel>30</Plasteel>
    </costList>
	<recipeMaker>
		<researchPrerequisite>CovenantArmory</researchPrerequisite>
		<skillRequirements>
			<Crafting>8</Crafting>
		</skillRequirements>
		<recipeUsers Inherit="False">
			<li>FabricationBench</li>
		</recipeUsers>
	</recipeMaker>
	<weaponTags>
		<li>Cov_NeedleRifle</li>
	</weaponTags>
    <verbs>
      <li>
        <verbClass>Verb_Shoot</verbClass>
        <hasStandardCommand>true</hasStandardCommand>
        <defaultProjectile>Bullet_NeedleLarge</defaultProjectile>
        <warmupTime>.9</warmupTime>
		<ticksBetweenBurstShots>15</ticksBetweenBurstShots>
		<burstShotCount>2</burstShotCount>
        <range>40</range>
        <soundCast>NeedleRifle_Shot</soundCast>
		<soundCastTail>GunTail_Medium</soundCastTail>
		<muzzleFlashScale>9</muzzleFlashScale>
      </li>
    </verbs>
	<tools>
      <li>
        <label>stock</label>
        <capacities>
          <li>Blunt</li>
        </capacities>
        <power>9</power>
        <cooldownTime>1.8</cooldownTime>
      </li>
      <li>
        <label>barrel</label>
        <capacities>
          <li>Blunt</li>
          <li>Poke</li>
        </capacities>
        <power>10</power>
        <cooldownTime>1.9</cooldownTime>
      </li>
    </tools>
  </ThingDef>
  
</Defs>