﻿<?xml version="1.0" encoding="utf-8" ?>
<Defs>  
  
  <!-- Needler -->
  <ThingDef ParentName="BaseBullet">
    <defName>Bullet_Needlesmall</defName>
    <label>needler</label>
    <projectile>
      <damageDef>Needle</damageDef>
      <damageAmountBase>6</damageAmountBase>
      <speed>25</speed>
    </projectile>
    <graphicData>
		<texPath>Projectile/Needlesmall</texPath>
		<graphicClass>Graphic_Single</graphicClass>
                <drawSize>1.6</drawSize>
	</graphicData>
  </ThingDef>

  <ThingDef ParentName="BaseHumanMakeableGun">
    <defName>Needler</defName>
    <label>Type 33 Guided Munitions Launcher</label>
    <description>Covenant anti-infantry weapon.</description>
    <graphicData>
		<texPath>Item/Equipment/WeaponRanged/Type33_Needler</texPath>
		<graphicClass>Graphic_Single</graphicClass>
                <drawSize>0.7</drawSize>
    </graphicData>
	<soundInteract>Interact_Revolver</soundInteract>
    <statBases>
      <WorkToMake>15000</WorkToMake>
	  <Mass>2.6</Mass>
	  <AccuracyTouch>1.05</AccuracyTouch>
      <AccuracyShort>1.01</AccuracyShort>
      <AccuracyMedium>0.30</AccuracyMedium>
      <AccuracyLong>0.20</AccuracyLong>
	  <RangedWeapon_Cooldown>1.26</RangedWeapon_Cooldown>
    </statBases>
	<costList>
      <Steel>30</Steel>
      <ComponentSpacer>7</ComponentSpacer>
	  <Plasteel>30</Plasteel>
    </costList>
	<recipeMaker>
		<researchPrerequisite>CovenantArmory</researchPrerequisite>
		<skillRequirements>
			<Crafting>8</Crafting>
		</skillRequirements>
		<recipeUsers Inherit="False">
			<li>FabricationBench</li>
		</recipeUsers>
	</recipeMaker>
	<weaponTags>
      <li>Cov_Needler</li>
    </weaponTags>
    <verbs>
      <li>
        <verbClass>Verb_Shoot</verbClass>
        <hasStandardCommand>true</hasStandardCommand>
        <defaultProjectile>Bullet_Needlesmall</defaultProjectile>
        <warmupTime>0.1</warmupTime>
        <range>20</range>
		<ticksBetweenBurstShots>8</ticksBetweenBurstShots>
		<burstShotCount>7</burstShotCount>
                <soundCast>Needler_Shot</soundCast>
		<soundCastTail>GunTail_Light</soundCastTail>
		<muzzleFlashScale>9</muzzleFlashScale>
      </li>
    </verbs>
  </ThingDef>
  <tools>
      <li>
        <label>grip</label>
        <capacities>
          <li>Blunt</li>
        </capacities>
        <power>8</power>
        <cooldownTime>1.6</cooldownTime>
      </li>
      <li>
        <label>barrel</label>
        <capacities>
          <li>Blunt</li>
          <li>Poke</li>
        </capacities>
        <power>8</power>
        <cooldownTime>1.6</cooldownTime>
      </li>
    </tools>
	
</Defs>