﻿<?xml version="1.0" encoding="utf-8" ?>
<Defs>
<!-- Type-25 Directed Energy Rifle -->
<ThingDef ParentName="BaseHumanMakeableGun">
    <defName>Cov_Type25R</defName>
    <label>Type 25 Rifle</label>
    <description>The Type-25 Rifle, also known as the Covenant Type-25 Directed Energy Rifle, is a Covenant infantry firearm.</description>
    <techLevel>Spacer</techLevel>
    <graphicData>
      <texPath>Item/Equipment/WeaponRanged/Type25_Rifle</texPath>
		<graphicClass>Graphic_Single</graphicClass>
    </graphicData>
    <soundInteract>Interact_ChargeRifle</soundInteract>
    <thingSetMakerTags><li>RewardStandardQualitySuper</li></thingSetMakerTags>
       <statBases>
     <!-- <WorkToMake>45000</WorkToMake> -->
      <Mass>8.8</Mass>
      <AccuracyTouch>0.50</AccuracyTouch>
      <AccuracyShort>0.80</AccuracyShort>
      <AccuracyMedium>0.75</AccuracyMedium>
      <AccuracyLong>0.70</AccuracyLong>
      <RangedWeapon_Cooldown>2.00</RangedWeapon_Cooldown>
		   <MarketValue>4000</MarketValue>
    </statBases>
  <!--  <recipeMaker>
      <researchPrerequisite>CovenantArmory</researchPrerequisite>
      <skillRequirements>
        <Crafting>9</Crafting>
      </skillRequirements>
      <recipeUsers Inherit="False">
        <li>FabricationBench</li>
      </recipeUsers>
    </recipeMaker>
    <costList>
      <Plasteel>20</Plasteel>
		   <Steel>50</Steel>
      <ComponentSpacer>2</ComponentSpacer>
    </costList> -->
	
		    <costList>
      <Plasteel>150</Plasteel>
      <ComponentSpacer>6</ComponentSpacer>
    </costList>
    <weaponTags>
      <li>Cov_PlasmaRifle</li>
    </weaponTags>

    <verbs>
      <li>
        <verbClass>Verb_Shoot</verbClass>
        <hasStandardCommand>true</hasStandardCommand>
        <defaultProjectile>Bullet_PlasmaProjectile</defaultProjectile>
        <warmupTime>0.25</warmupTime>
        <range>25</range>
		   <burstShotCount>4</burstShotCount>
        <ticksBetweenBurstShots>7</ticksBetweenBurstShots>
        <soundCast>PlasmaRifle_Shot</soundCast>
        <soundCastTail>GunTail_Medium</soundCastTail>
        <muzzleFlashScale>7</muzzleFlashScale>
      </li>
    </verbs>
    <tools>
      <li>
        <label>barrel</label>
        <capacities>
          <li>Blunt</li>
          <li>Poke</li>
        </capacities>
        <power>9</power>
        <cooldownTime>2</cooldownTime>
      </li>
    </tools>
  </ThingDef>
  <ThingDef ParentName="BaseBullet">
    <defName>Bullet_PlasmaProjectile</defName>
    <label>Plasma shot</label>
    <graphicData>
      <texPath>Projectile/PlasmaProjectile</texPath>
      <graphicClass>Graphic_Single</graphicClass>
      <shaderType>TransparentPostLight</shaderType>
      <drawSize>1.7</drawSize>
    </graphicData>
    <projectile>
      <damageDef>Burn</damageDef>
      <damageAmountBase>15</damageAmountBase>
      <armorPenetrationBase>0.8</armorPenetrationBase>
      <speed>70</speed>
    </projectile>
  </ThingDef>
</Defs>