<?xml version="1.0" encoding="utf-8" ?>
<Defs>

	<ThingDef Name="ApparelBaseCov" ParentName="ApparelBase" Abstract="True">
		<thingClass>Apparel</thingClass>
		<category>Item</category>
		<selectable>True</selectable>
		<pathCost>10</pathCost>
		<useHitPoints>True</useHitPoints>
		<techLevel>Spacer</techLevel>
		<statBases>
			<Flammability>0.5</Flammability>
			<DeteriorationRate>2</DeteriorationRate>
			<Beauty>-4</Beauty>
			<SellPriceFactor>0.75</SellPriceFactor>
		</statBases>
		<altitudeLayer>Item</altitudeLayer>
		<alwaysHaulable>True</alwaysHaulable>
		<tickerType>Never</tickerType>
		<graphicData>
			<onGroundRandomRotateAngle>35</onGroundRandomRotateAngle>
		</graphicData>
		<drawGUIOverlay>true</drawGUIOverlay>
		<comps>
			<li Class="CompProperties_Forbiddable"/>
			<li>
				<compClass>CompColorable</compClass>
			</li>
		</comps>
	</ThingDef>

	<ThingDef Name="ArmorMakeableBaseCov" ParentName="ApparelBaseCov" Abstract="True">
		<recipeMaker>
			<workSkill>Crafting</workSkill>
			<effectWorking>Smith</effectWorking>
			<soundWorking>Recipe_Machining</soundWorking>
			<recipeUsers>
				<li>TableMachining</li>
			</recipeUsers>
			<unfinishedThingDef>UnfinishedApparel</unfinishedThingDef>
		</recipeMaker>
	</ThingDef>
  
</Defs>