<?xml version="1.0" encoding="utf-8" ?>
<Defs>

<!-- ======================MINOR ARMOR====================== -->

	<ThingDef ParentName="ArmorHelmetMakeableBase">
		<defName>MinorHelm</defName>
		<label>Minor Helmet</label>
		<techLevel>Spacer</techLevel>
		<description>A sleek and sturdy desgined helmet ment to fit the lower ranks of Covenant sangheili forces.</description>
		<recipeMaker>
			<unfinishedThingDef>UnfinishedTechArmor</unfinishedThingDef>
			<researchPrerequisite>CovenantArmory</researchPrerequisite>
			<recipeUsers Inherit="False">
				<li>FabricationBench</li>
			</recipeUsers>
			<skillRequirements>
				<Crafting>10</Crafting>
			</skillRequirements>
		</recipeMaker>
		<statBases>
			<WorkToMake>22000</WorkToMake>
			<MaxHitPoints>150</MaxHitPoints>
			<Mass>1.8</Mass>
			<Flammability>0.4</Flammability>
			<ArmorRating_Sharp>0.90</ArmorRating_Sharp>
			<ArmorRating_Blunt>0.40</ArmorRating_Blunt>
			<ArmorRating_Heat>0.70</ArmorRating_Heat>
                        <Insulation_Cold>15</Insulation_Cold>
                        <Insulation_Heat>25</Insulation_Heat>
			<EquipDelay>2</EquipDelay>
		</statBases>
		<thingCategories Inherit="False">
			<li>Apparel</li>
		</thingCategories>
		<costList>
			<ComponentSpacer>1</ComponentSpacer>
			<Plasteel>25</Plasteel>
			<Uranium>5</Uranium>
		</costList>
		<graphicData>
			<texPath>Apparel/Ground/MinorHelmet</texPath>
			<graphicClass>Graphic_Single</graphicClass>
			<drawSize>1.6</drawSize>
		</graphicData>
		<apparel>
			<bodyPartGroups>
				<li>FullHead</li>
			</bodyPartGroups>
			<wornGraphicPath>Apparel/MinorHelm/Minorhelmet</wornGraphicPath>
			<layers>
				<li>Overhead</li>
			</layers>
			<tags>
				<li>SangheiliMinorHelmet</li>
			</tags>
			<defaultOutfitTags>
				<li>SangheiliMinorHelmet</li>
			</defaultOutfitTags>
		</apparel>
		<thingSetMakerTags>
			<li>RewardSpecial</li>
		</thingSetMakerTags>
	</ThingDef>

	<ThingDef ParentName="ArmorMakeableBaseCov">
		<defName>MinorArmor</defName>
		<label>Minor Armor</label>
		<techLevel>Spacer</techLevel>
		<description>Fashioned in blue for the lower ranks of Covenant sangheili forces.</description>
		<recipeMaker>
			<unfinishedThingDef>UnfinishedTechArmor</unfinishedThingDef>
			<researchPrerequisite>CovenantArmory</researchPrerequisite>
			<recipeUsers Inherit="False">
				<li>FabricationBench</li>
			</recipeUsers>
			<skillRequirements>
				<Crafting>10</Crafting>
			</skillRequirements>
		</recipeMaker>
		<statBases>
			<WorkToMake>40000</WorkToMake>
			<MaxHitPoints>325</MaxHitPoints>
			<Mass>5</Mass>
			<Flammability>0.4</Flammability>
			<ArmorRating_Sharp>0.75</ArmorRating_Sharp>
			<ArmorRating_Blunt>0.40</ArmorRating_Blunt>
			<ArmorRating_Heat>1.15</ArmorRating_Heat>
                        <Insulation_Cold>15</Insulation_Cold>
                        <Insulation_Heat>25</Insulation_Heat>
			<EquipDelay>5</EquipDelay>
		</statBases>
		<thingCategories Inherit="False">
			<li>Apparel</li>
		</thingCategories>
		<costList>
			<ComponentSpacer>3</ComponentSpacer>
			<Plasteel>120</Plasteel>
			<Uranium>10</Uranium>
		</costList>
		<graphicData>
			<texPath>Apparel/Ground/Minor</texPath>
			<graphicClass>Graphic_Single</graphicClass>
			<drawSize>1.6</drawSize>
		</graphicData>
		<apparel>
			<bodyPartGroups>
				<li>Torso</li>
				<li>Shoulders</li>
				<li>Arms</li>
				<li>Legs</li>
                                <li>Feet</li>
                                <li>Hands</li>
                                <li>Neck</li>
			</bodyPartGroups>
			<wornGraphicPath>Apparel/MinorArmor/MA</wornGraphicPath>
			<layers>
				<li>Shell</li>
				<li>Middle</li>
			</layers>
			<tags>
				<li>SangheiliMinorArmor</li>
			</tags>
			<defaultOutfitTags>
				<li>SangheiliMinorArmor</li>
			</defaultOutfitTags>
                        <useDeflectMetalEffect>true</useDeflectMetalEffect>
		</apparel>
                <tickerType>Normal</tickerType>
		<comps>
                  <li Class="VFECore.CompProperties_ShieldBubble">
                   <compClass>VFECore.CompShieldBubble</compClass>
                   <blockRangedAttack>true</blockRangedAttack>
                   <blockMeleeAttack>false</blockMeleeAttack>
                   <showWhenDrafted>false</showWhenDrafted>
                   <showOnHostiles>false</showOnHostiles>
                   <showOnNeutralInCombat>false</showOnNeutralInCombat>
                   <shieldTexPath>Other/ShieldBubble</shieldTexPath>
                   <EnergyShieldRechargeRate>0.2</EnergyShieldRechargeRate>
                   <EnergyShieldEnergyMax>120</EnergyShieldEnergyMax>
                   <minShieldSize>1.4</minShieldSize>
                   <maxShieldSize>1.8</maxShieldSize>
                  <disableRotation>true</disableRotation>
                  <chargeFullyWhenMade>true</chargeFullyWhenMade>
                </li>
		</comps>
		<thingSetMakerTags>
		  <li>RewardSpecial</li>
		</thingSetMakerTags>
  </ThingDef>

<!-- ======================GRUNT MINOR ARMOR====================== -->

	<ThingDef ParentName="ArmorHelmetMakeableBase">
		<defName>GruntMask</defName>
		<label>Grunt Mask</label>
		<techLevel>Spacer</techLevel>
		<description>A Mask used by the Unggoy Race.</description>
		<recipeMaker>
			<unfinishedThingDef>UnfinishedTechArmor</unfinishedThingDef>
			<researchPrerequisite>CovenantArmory</researchPrerequisite>
			<recipeUsers Inherit="False">
				<li>FabricationBench</li>
			</recipeUsers>
			<skillRequirements>
				<Crafting>10</Crafting>
			</skillRequirements>
		</recipeMaker>
		<statBases>
			<WorkToMake>2200</WorkToMake>
			<MaxHitPoints>150</MaxHitPoints>
			<Mass>1.8</Mass>
			<Flammability>0.4</Flammability>
			<ArmorRating_Sharp>0.20</ArmorRating_Sharp>
			<ArmorRating_Blunt>0.10</ArmorRating_Blunt>
			<ArmorRating_Heat>0.40</ArmorRating_Heat>
                        <Insulation_Cold>15</Insulation_Cold>
                        <Insulation_Heat>25</Insulation_Heat>
			<EquipDelay>2</EquipDelay>
		</statBases>
		<thingCategories Inherit="False">
			<li>Apparel</li>
		</thingCategories>
		<costList>
			<ComponentSpacer>1</ComponentSpacer>
			<Plasteel>25</Plasteel>
			<Uranium>5</Uranium>
		</costList>
		<graphicData>
			<texPath>Apparel/Ground/GruntMask</texPath>
			<graphicClass>Graphic_Single</graphicClass>
			<drawSize>1.6</drawSize>
		</graphicData>
		<apparel>
			<bodyPartGroups>
				<li>FullHead</li>
			</bodyPartGroups>
			<wornGraphicPath>Apparel/GruntMask/GruntMask</wornGraphicPath>
			<layers>
				<li>Overhead</li>
			</layers>
			<tags>
				<li>UnggoyMask</li>
			</tags>
			<defaultOutfitTags>
				<li>UnggoyMask</li>
			</defaultOutfitTags>
		</apparel>
		<thingSetMakerTags>
			<li>RewardSpecial</li>
		</thingSetMakerTags>
	</ThingDef>

	<ThingDef ParentName="ArmorMakeableBaseCov">
		<defName>GruntMinor</defName>
		<label>Grunt Armor</label>
		<techLevel>Spacer</techLevel>
		<description>Unggoy Minor armor</description>
		<recipeMaker>
			<unfinishedThingDef>UnfinishedTechArmor</unfinishedThingDef>
			<researchPrerequisite>CovenantArmory</researchPrerequisite>
			<recipeUsers Inherit="False">
				<li>FabricationBench</li>
			</recipeUsers>
			<skillRequirements>
				<Crafting>10</Crafting>
			</skillRequirements>
		</recipeMaker>
		<statBases>
			<WorkToMake>4000</WorkToMake>
			<MaxHitPoints>300</MaxHitPoints>
			<Mass>5</Mass>
			<Flammability>0.4</Flammability>
			<ArmorRating_Sharp>0.32</ArmorRating_Sharp>
			<ArmorRating_Blunt>0.20</ArmorRating_Blunt>
			<ArmorRating_Heat>1.0</ArmorRating_Heat>
                        <Insulation_Cold>15</Insulation_Cold>
                        <Insulation_Heat>25</Insulation_Heat>
			<EquipDelay>5</EquipDelay>
		</statBases>
		<thingCategories Inherit="False">
			<li>Apparel</li>
		</thingCategories>
		<costList>
			<ComponentSpacer>3</ComponentSpacer>
			<Plasteel>120</Plasteel>
			<Uranium>10</Uranium>
		</costList>
		<graphicData>
			<texPath>Apparel/Ground/GruntMinor</texPath>
			<graphicClass>Graphic_Single</graphicClass>
			<drawSize>1.6</drawSize>
		</graphicData>
		<apparel>
			<bodyPartGroups>
				<li>Torso</li>
				<li>Shoulders</li>
				<li>Arms</li>
				<li>Legs</li>
                                <li>Feet</li>
                                <li>Hands</li>
                                <li>Neck</li>
			</bodyPartGroups>
			<wornGraphicPath>Apparel/GruntMA/GruntMinor</wornGraphicPath>
			<layers>
				<li>Shell</li>
				<li>Middle</li>
			</layers>
			<tags>
				<li>UnggoyMinorArmor</li>
			</tags>
			<defaultOutfitTags>
				<li>UnggoyMinorArmor</li>
			</defaultOutfitTags>
                        <useDeflectMetalEffect>true</useDeflectMetalEffect>
		</apparel>
                <tickerType>Normal</tickerType>
		<thingSetMakerTags>
		  <li>RewardSpecial</li>
		</thingSetMakerTags>
  </ThingDef>

<!-- ======================GRUNT MAJOR ARMOR====================== -->

	<ThingDef ParentName="ArmorMakeableBaseCov">
		<defName>GruntMajor</defName>
		<label>Grunt Major Armor</label>
		<techLevel>Spacer</techLevel>
		<description>Unggoy Major armor</description>
		<recipeMaker>
			<unfinishedThingDef>UnfinishedTechArmor</unfinishedThingDef>
			<researchPrerequisite>CovenantArmory</researchPrerequisite>
			<recipeUsers Inherit="False">
				<li>FabricationBench</li>
			</recipeUsers>
			<skillRequirements>
				<Crafting>10</Crafting>
			</skillRequirements>
		</recipeMaker>
		<statBases>
			<WorkToMake>4000</WorkToMake>
			<MaxHitPoints>300</MaxHitPoints>
			<Mass>5</Mass>
			<Flammability>0.4</Flammability>
			<ArmorRating_Sharp>0.42</ArmorRating_Sharp>
			<ArmorRating_Blunt>0.10</ArmorRating_Blunt>
			<ArmorRating_Heat>1.0</ArmorRating_Heat>
                        <Insulation_Cold>15</Insulation_Cold>
                        <Insulation_Heat>25</Insulation_Heat>
			<EquipDelay>5</EquipDelay>
		</statBases>
		<thingCategories Inherit="False">
			<li>Apparel</li>
		</thingCategories>
		<costList>
			<ComponentSpacer>3</ComponentSpacer>
			<Plasteel>120</Plasteel>
			<Uranium>10</Uranium>
		</costList>
		<graphicData>
			<texPath>Apparel/Ground/GruntMajor</texPath>
			<graphicClass>Graphic_Single</graphicClass>
			<drawSize>1.6</drawSize>
		</graphicData>
		<apparel>
			<bodyPartGroups>
				<li>Torso</li>
				<li>Shoulders</li>
				<li>Arms</li>
				<li>Legs</li>
                                <li>Feet</li>
                                <li>Hands</li>
                                <li>Neck</li>
			</bodyPartGroups>
			<wornGraphicPath>Apparel/GruntMajor/GruntMajor</wornGraphicPath>
			<layers>
				<li>Shell</li>
				<li>Middle</li>
			</layers>
			<tags>
				<li>UnggoyMajorArmor</li>
			</tags>
			<defaultOutfitTags>
				<li>UnggoyMajorArmor</li>
			</defaultOutfitTags>
                        <useDeflectMetalEffect>true</useDeflectMetalEffect>
		</apparel>
                <tickerType>Normal</tickerType>
		<thingSetMakerTags>
		  <li>RewardSpecial</li>
		</thingSetMakerTags>
  </ThingDef>

<!-- ======================GRUNT ULTRA ARMOR====================== -->

	<ThingDef ParentName="ArmorHelmetMakeableBase">
		<defName>GruntUltraHelm</defName>
		<label>Grunt Ultra Helmet</label>
		<techLevel>Spacer</techLevel>
		<description>A Mask used by the Unggoy Race.</description>
		<recipeMaker>
			<unfinishedThingDef>UnfinishedTechArmor</unfinishedThingDef>
			<researchPrerequisite>CovenantArmory</researchPrerequisite>
			<recipeUsers Inherit="False">
				<li>FabricationBench</li>
			</recipeUsers>
			<skillRequirements>
				<Crafting>10</Crafting>
			</skillRequirements>
		</recipeMaker>
		<statBases>
			<WorkToMake>2200</WorkToMake>
			<MaxHitPoints>150</MaxHitPoints>
			<Mass>1.8</Mass>
			<Flammability>0.4</Flammability>
			<ArmorRating_Sharp>0.50</ArmorRating_Sharp>
			<ArmorRating_Blunt>0.40</ArmorRating_Blunt>
			<ArmorRating_Heat>1.0</ArmorRating_Heat>
                        <Insulation_Cold>15</Insulation_Cold>
                        <Insulation_Heat>25</Insulation_Heat>
			<EquipDelay>2</EquipDelay>
		</statBases>
		<thingCategories Inherit="False">
			<li>Apparel</li>
		</thingCategories>
		<costList>
			<ComponentSpacer>1</ComponentSpacer>
			<Plasteel>25</Plasteel>
			<Uranium>5</Uranium>
		</costList>
		<graphicData>
			<texPath>Apparel/Ground/GUltraHelmet</texPath>
			<graphicClass>Graphic_Single</graphicClass>
			<drawSize>1.6</drawSize>
		</graphicData>
		<apparel>
			<bodyPartGroups>
				<li>FullHead</li>
			</bodyPartGroups>
			<wornGraphicPath>Apparel/GruntUltra/UltraHelm</wornGraphicPath>
			<layers>
				<li>Overhead</li>
			</layers>
			<tags>
				<li>UnggoyUltraHelm</li>
			</tags>
			<defaultOutfitTags>
				<li>UnggoyUltraHelm</li>
			</defaultOutfitTags>
		</apparel>
		<thingSetMakerTags>
			<li>RewardSpecial</li>
		</thingSetMakerTags>
	</ThingDef>

	<ThingDef ParentName="ArmorMakeableBaseCov">
		<defName>GruntUltra</defName>
		<label>Grunt Ultra Armor</label>
		<techLevel>Spacer</techLevel>
		<description>Unggoy Ultra armor</description>
		<recipeMaker>
			<unfinishedThingDef>UnfinishedTechArmor</unfinishedThingDef>
			<researchPrerequisite>CovenantArmory</researchPrerequisite>
			<recipeUsers Inherit="False">
				<li>FabricationBench</li>
			</recipeUsers>
			<skillRequirements>
				<Crafting>10</Crafting>
			</skillRequirements>
		</recipeMaker>
		<statBases>
			<WorkToMake>4000</WorkToMake>
			<MaxHitPoints>300</MaxHitPoints>
			<Mass>5</Mass>
			<Flammability>0.4</Flammability>
			<ArmorRating_Sharp>0.72</ArmorRating_Sharp>
			<ArmorRating_Blunt>0.60</ArmorRating_Blunt>
			<ArmorRating_Heat>1.0</ArmorRating_Heat>
                        <Insulation_Cold>15</Insulation_Cold>
                        <Insulation_Heat>25</Insulation_Heat>
			<EquipDelay>5</EquipDelay>
		</statBases>
		<thingCategories Inherit="False">
			<li>Apparel</li>
		</thingCategories>
		<costList>
			<ComponentSpacer>3</ComponentSpacer>
			<Plasteel>120</Plasteel>
			<Uranium>10</Uranium>
		</costList>
		<graphicData>
			<texPath>Apparel/Ground/GruntUltra</texPath>
			<graphicClass>Graphic_Single</graphicClass>
			<drawSize>1.6</drawSize>
		</graphicData>
		<apparel>
			<bodyPartGroups>
				<li>Torso</li>
				<li>Shoulders</li>
				<li>Arms</li>
				<li>Legs</li>
                                <li>Feet</li>
                                <li>Hands</li>
                                <li>Neck</li>
			</bodyPartGroups>
			<wornGraphicPath>Apparel/GruntUltra/GruntUltra</wornGraphicPath>
			<layers>
				<li>Shell</li>
				<li>Middle</li>
			</layers>
			<tags>
				<li>UnggoyUltraArmor</li>
			</tags>
			<defaultOutfitTags>
				<li>UnggoyUltraArmor</li>
			</defaultOutfitTags>
                        <useDeflectMetalEffect>true</useDeflectMetalEffect>
		</apparel>
                <tickerType>Normal</tickerType>
		<thingSetMakerTags>
		  <li>RewardSpecial</li>
		</thingSetMakerTags>
  </ThingDef>

<!-- ======================GRUNT SPECOPS ARMOR====================== -->

	<ThingDef ParentName="ArmorHelmetMakeableBase">
		<defName>SpecOpsG</defName>
		<label>Grunt Spec Ops Helmet</label>
		<techLevel>Spacer</techLevel>
		<description>A Mask used by the Unggoy Race.</description>
		<recipeMaker>
			<unfinishedThingDef>UnfinishedTechArmor</unfinishedThingDef>
			<researchPrerequisite>CovenantArmory</researchPrerequisite>
			<recipeUsers Inherit="False">
				<li>FabricationBench</li>
			</recipeUsers>
			<skillRequirements>
				<Crafting>10</Crafting>
			</skillRequirements>
		</recipeMaker>
		<statBases>
			<WorkToMake>2200</WorkToMake>
			<MaxHitPoints>150</MaxHitPoints>
			<Mass>1.8</Mass>
			<Flammability>0.4</Flammability>
			<ArmorRating_Sharp>0.60</ArmorRating_Sharp>
			<ArmorRating_Blunt>0.20</ArmorRating_Blunt>
			<ArmorRating_Heat>0.40</ArmorRating_Heat>
                        <Insulation_Cold>15</Insulation_Cold>
                        <Insulation_Heat>25</Insulation_Heat>
			<EquipDelay>2</EquipDelay>
		</statBases>
		<thingCategories Inherit="False">
			<li>Apparel</li>
		</thingCategories>
		<costList>
			<ComponentSpacer>1</ComponentSpacer>
			<Plasteel>25</Plasteel>
			<Uranium>5</Uranium>
		</costList>
		<graphicData>
			<texPath>Apparel/Ground/GSpecOpsHelmet</texPath>
			<graphicClass>Graphic_Single</graphicClass>
			<drawSize>1.6</drawSize>
		</graphicData>
		<apparel>
			<bodyPartGroups>
				<li>FullHead</li>
			</bodyPartGroups>
			<wornGraphicPath>Apparel/GruntSpecOps/SpecOpsHelm</wornGraphicPath>
			<layers>
				<li>Overhead</li>
			</layers>
			<tags>
				<li>UnggoySpecHelm</li>
			</tags>
			<defaultOutfitTags>
				<li>UnggoySpecHelm</li>
			</defaultOutfitTags>
		</apparel>
		<thingSetMakerTags>
			<li>RewardSpecial</li>
		</thingSetMakerTags>
	</ThingDef>

	<ThingDef ParentName="ArmorMakeableBaseCov">
		<defName>GruntSpec</defName>
		<label>Grunt Spec Ops Armor</label>
		<techLevel>Spacer</techLevel>
		<description>Unggoy Ultra armor</description>
		<recipeMaker>
			<unfinishedThingDef>UnfinishedTechArmor</unfinishedThingDef>
			<researchPrerequisite>CovenantArmory</researchPrerequisite>
			<recipeUsers Inherit="False">
				<li>FabricationBench</li>
			</recipeUsers>
			<skillRequirements>
				<Crafting>10</Crafting>
			</skillRequirements>
		</recipeMaker>
		<statBases>
			<WorkToMake>4000</WorkToMake>
			<MaxHitPoints>300</MaxHitPoints>
			<Mass>5</Mass>
			<Flammability>0.4</Flammability>
			<ArmorRating_Sharp>0.82</ArmorRating_Sharp>
			<ArmorRating_Blunt>0.20</ArmorRating_Blunt>
			<ArmorRating_Heat>1.0</ArmorRating_Heat>
                        <Insulation_Cold>15</Insulation_Cold>
                        <Insulation_Heat>25</Insulation_Heat>
			<EquipDelay>5</EquipDelay>
		</statBases>
		<thingCategories Inherit="False">
			<li>Apparel</li>
		</thingCategories>
		<costList>
			<ComponentSpacer>3</ComponentSpacer>
			<Plasteel>120</Plasteel>
			<Uranium>10</Uranium>
		</costList>
		<graphicData>
			<texPath>Apparel/Ground/GSpecOps</texPath>
			<graphicClass>Graphic_Single</graphicClass>
			<drawSize>1.6</drawSize>
		</graphicData>
		<apparel>
			<bodyPartGroups>
				<li>Torso</li>
				<li>Shoulders</li>
				<li>Arms</li>
				<li>Legs</li>
                                <li>Feet</li>
                                <li>Hands</li>
                                <li>Neck</li>
			</bodyPartGroups>
			<wornGraphicPath>Apparel/GruntSpecOps/SpecOpsG</wornGraphicPath>
			<layers>
				<li>Shell</li>
				<li>Middle</li>
			</layers>
			<tags>
				<li>UnggoySpecArmor</li>
			</tags>
			<defaultOutfitTags>
				<li>UnggoySpecArmor</li>
			</defaultOutfitTags>
                        <useDeflectMetalEffect>true</useDeflectMetalEffect>
		</apparel>
                <tickerType>Normal</tickerType>
		<thingSetMakerTags>
		  <li>RewardSpecial</li>
		</thingSetMakerTags>
  </ThingDef>

<!-- ======================RANGER ARMOR====================== -->

	<ThingDef ParentName="ArmorHelmetMakeableBase">
		<defName>RangerHelm</defName>
		<label>Ranger Helmet</label>
		<techLevel>Spacer</techLevel>
		<description>Ranger aka Jump trooper of the Covenant sangheili forces.</description>
		<recipeMaker>
			<unfinishedThingDef>UnfinishedTechArmor</unfinishedThingDef>
			<researchPrerequisite>CovenantArmory</researchPrerequisite>
			<recipeUsers Inherit="False">
				<li>FabricationBench</li>
			</recipeUsers>
			<skillRequirements>
				<Crafting>10</Crafting>
			</skillRequirements>
		</recipeMaker>
		<statBases>
			<WorkToMake>22000</WorkToMake>
			<MaxHitPoints>150</MaxHitPoints>
			<Mass>1.8</Mass>
			<Flammability>0.4</Flammability>
			<ArmorRating_Sharp>0.95</ArmorRating_Sharp>
			<ArmorRating_Blunt>0.40</ArmorRating_Blunt>
			<ArmorRating_Heat>0.70</ArmorRating_Heat>
                        <Insulation_Cold>15</Insulation_Cold>
                        <Insulation_Heat>25</Insulation_Heat>
			<EquipDelay>2</EquipDelay>
		</statBases>
		<thingCategories Inherit="False">
			<li>Apparel</li>
		</thingCategories>
		<costList>
			<ComponentSpacer>1</ComponentSpacer>
			<Plasteel>25</Plasteel>
			<Uranium>5</Uranium>
		</costList>
		<graphicData>
			<texPath>Apparel/Ground/RangerHelmet</texPath>
			<graphicClass>Graphic_Single</graphicClass>
			<drawSize>1.6</drawSize>
		</graphicData>
		<apparel>
			<bodyPartGroups>
				<li>FullHead</li>
			</bodyPartGroups>
			<wornGraphicPath>Apparel/Ranger/RangerHelm</wornGraphicPath>
			<layers>
				<li>Overhead</li>
			</layers>
			<tags>
				<li>SangheiliRangerHelmet</li>
			</tags>
			<defaultOutfitTags>
				<li>SangheiliRangerHelmet</li>
			</defaultOutfitTags>
		</apparel>
		<thingSetMakerTags>
			<li>RewardSpecial</li>
		</thingSetMakerTags>
	</ThingDef>

	<ThingDef ParentName="ArmorMakeableBaseCov">
		<defName>Ranger</defName>
		<label>Ranger Armor</label>
		<techLevel>Spacer</techLevel>
		<description>Ranger aka Jump trooper of the Covenant sangheili forces.</description>
		<recipeMaker>
			<unfinishedThingDef>UnfinishedTechArmor</unfinishedThingDef>
			<researchPrerequisite>CovenantArmory</researchPrerequisite>
			<recipeUsers Inherit="False">
				<li>FabricationBench</li>
			</recipeUsers>
			<skillRequirements>
				<Crafting>10</Crafting>
			</skillRequirements>
		</recipeMaker>
		<statBases>
			<WorkToMake>40000</WorkToMake>
			<MaxHitPoints>325</MaxHitPoints>
			<Mass>5</Mass>
			<Flammability>0.4</Flammability>
			<ArmorRating_Sharp>.85</ArmorRating_Sharp>
			<ArmorRating_Blunt>0.40</ArmorRating_Blunt>
			<ArmorRating_Heat>1.15</ArmorRating_Heat>
                        <Insulation_Cold>15</Insulation_Cold>
                        <Insulation_Heat>25</Insulation_Heat>
			<EquipDelay>5</EquipDelay>
		</statBases>
		<thingCategories Inherit="False">
			<li>Apparel</li>
		</thingCategories>
		<costList>
			<ComponentSpacer>3</ComponentSpacer>
			<Plasteel>120</Plasteel>
			<Uranium>10</Uranium>
		</costList>
		<graphicData>
			<texPath>Apparel/Ground/Ranger</texPath>
			<graphicClass>Graphic_Single</graphicClass>
			<drawSize>1.6</drawSize>
		</graphicData>
		<apparel>
			<bodyPartGroups>
				<li>Torso</li>
				<li>Shoulders</li>
				<li>Arms</li>
				<li>Legs</li>
                                <li>Feet</li>
                                <li>Hands</li>
                                <li>Neck</li>
			</bodyPartGroups>
			<wornGraphicPath>Apparel/Ranger/Ranger</wornGraphicPath>
			<layers>
				<li>Shell</li>
				<li>Middle</li>
			</layers>
			<tags>
				<li>SangheiliRangerArmor</li>
			</tags>
			<defaultOutfitTags>
				<li>SangheiliRangerArmor</li>
			</defaultOutfitTags>
                        <useDeflectMetalEffect>true</useDeflectMetalEffect>
		</apparel>
                <tickerType>Normal</tickerType>
		<comps>
                  <li Class="VFECore.CompProperties_ShieldBubble">
                   <compClass>VFECore.CompShieldBubble</compClass>
                   <blockRangedAttack>true</blockRangedAttack>
                   <blockMeleeAttack>false</blockMeleeAttack>
                   <showWhenDrafted>false</showWhenDrafted>
                   <showOnHostiles>false</showOnHostiles>
                   <showOnNeutralInCombat>false</showOnNeutralInCombat>
                   <shieldTexPath>Other/ShieldBubble</shieldTexPath>
                   <EnergyShieldRechargeRate>0.40</EnergyShieldRechargeRate>
                   <EnergyShieldEnergyMax>115</EnergyShieldEnergyMax>
                   <minShieldSize>1.4</minShieldSize>
                   <maxShieldSize>1.8</maxShieldSize>
                  <disableRotation>true</disableRotation>
                  <chargeFullyWhenMade>true</chargeFullyWhenMade>
                </li>
		</comps>
		<thingSetMakerTags>
		  <li>RewardSpecial</li>
		</thingSetMakerTags>
  </ThingDef>
  
<!-- ======================MAJOR ARMOR====================== -->

	<ThingDef ParentName="ArmorHelmetMakeableBase">
		<defName>MajorHelm</defName>
		<label>Major Helmet</label>
		<techLevel>Spacer</techLevel>
		<description>reinforced design of the minor helmet meant to fit the some of the commanding ranks of Covenant sangheili ground forces. This is one piece of a set of armor denoting a warrior's rank and capabilities in combat.</description>
		<recipeMaker>
			<unfinishedThingDef>UnfinishedTechArmor</unfinishedThingDef>
			<researchPrerequisite>CovenantArmory</researchPrerequisite>
			<recipeUsers Inherit="False">
				<li>FabricationBench</li>
			</recipeUsers>
			<skillRequirements>
				<Crafting>11</Crafting>
			</skillRequirements>
		</recipeMaker>
		<statBases>
			<WorkToMake>23000</WorkToMake>
			<MaxHitPoints>175</MaxHitPoints>
			<Mass>1.8</Mass>
			<Flammability>0.4</Flammability>
			<ArmorRating_Sharp>0.75</ArmorRating_Sharp>
			<ArmorRating_Blunt>0.45</ArmorRating_Blunt>
			<ArmorRating_Heat>0.80</ArmorRating_Heat>
                        <Insulation_Cold>15</Insulation_Cold>
                        <Insulation_Heat>25</Insulation_Heat>
			<EquipDelay>2</EquipDelay>
		</statBases>
		<thingCategories Inherit="False">
			<li>Apparel</li>
		</thingCategories>
		<costList>
			<ComponentSpacer>1</ComponentSpacer>
			<Plasteel>30</Plasteel>
			<Uranium>5</Uranium>
		</costList>
		<graphicData>
			<texPath>Apparel/Ground/MajorHelmet</texPath>
			<graphicClass>Graphic_Single</graphicClass>
			<drawSize>1.6</drawSize>
		</graphicData>
		<apparel>
			<bodyPartGroups>
				<li>FullHead</li>
			</bodyPartGroups>
			<wornGraphicPath>Apparel/MajorHelm/Majorhelmet</wornGraphicPath>
			<layers>
				<li>Overhead</li>
			</layers>
			<tags>
				<li>SangheiliMajorHelmet</li>
			</tags>
			<defaultOutfitTags>
				<li>SangheiliMajorHelmet</li>
			</defaultOutfitTags>
		</apparel>
		<thingSetMakerTags>
			<li>RewardSpecial</li>
		</thingSetMakerTags>
	</ThingDef>

	<ThingDef ParentName="ArmorMakeableBaseCov">
		<defName>MajorArmor</defName>
		<label>Major Armor</label>
		<techLevel>Spacer</techLevel>
		<description>reinforced design of the minor helmet meant to fit the some of the commanding ranks of Covenant sangheili ground forces. This is one piece of a set of armor denoting a warrior's rank and capabilities in combat.</description>
		<recipeMaker>
			<unfinishedThingDef>UnfinishedTechArmor</unfinishedThingDef>
			<researchPrerequisite>CovenantArmory</researchPrerequisite>
			<recipeUsers Inherit="False">
				<li>FabricationBench</li>
			</recipeUsers>
			<skillRequirements>
				<Crafting>11</Crafting>
			</skillRequirements>
		</recipeMaker>
		<statBases>
			<WorkToMake>45000</WorkToMake>
			<MaxHitPoints>350</MaxHitPoints>
			<Mass>5</Mass>
			<Flammability>0.4</Flammability>
			<ArmorRating_Sharp>0.97</ArmorRating_Sharp>
			<ArmorRating_Blunt>0.45</ArmorRating_Blunt>
			<ArmorRating_Heat>0.80</ArmorRating_Heat>
                        <Insulation_Cold>15</Insulation_Cold>
                        <Insulation_Heat>25</Insulation_Heat>
			<EquipDelay>5</EquipDelay>
		</statBases>
		<thingCategories Inherit="False">
			<li>Apparel</li>
		</thingCategories>
		<costList>
			<ComponentSpacer>4</ComponentSpacer>
			<Plasteel>150</Plasteel>
			<Uranium>15</Uranium>
		</costList>
		<graphicData>
			<texPath>Apparel/Ground/Major</texPath>
			<graphicClass>Graphic_Single</graphicClass>
			<drawSize>1.6</drawSize>
		</graphicData>
		<apparel>
			<bodyPartGroups>
				<li>Torso</li>
				<li>Shoulders</li>
				<li>Arms</li>
				<li>Legs</li>
			</bodyPartGroups>
			<wornGraphicPath>Apparel/MajorArmor/MAJA</wornGraphicPath>
			<layers>
				<li>Shell</li>
				<li>Middle</li>
			</layers>
			<tags>
				<li>SangheiliMajorArmor</li>
			</tags>
			<defaultOutfitTags>
				<li>SangheiliMajorArmor</li>
			</defaultOutfitTags>
		</apparel>
                <tickerType>Normal</tickerType>
		<comps>
                  <li Class="VFECore.CompProperties_ShieldBubble">
                   <compClass>VFECore.CompShieldBubble</compClass>
                   <blockRangedAttack>true</blockRangedAttack>
                   <blockMeleeAttack>false</blockMeleeAttack>
                   <showWhenDrafted>false</showWhenDrafted>
                   <showOnHostiles>false</showOnHostiles>
                   <showOnNeutralInCombat>false</showOnNeutralInCombat>
                   <shieldTexPath>Other/ShieldBubble</shieldTexPath>
                   <EnergyShieldRechargeRate>0.45</EnergyShieldRechargeRate>
                   <EnergyShieldEnergyMax>130</EnergyShieldEnergyMax>
                   <minShieldSize>1.4</minShieldSize>
                   <maxShieldSize>1.8</maxShieldSize>
                  <disableRotation>true</disableRotation>
                  <chargeFullyWhenMade>true</chargeFullyWhenMade>
                </li>
		</comps>
		<thingSetMakerTags>
		  <li>RewardSpecial</li>
		</thingSetMakerTags>
  </ThingDef>

<!-- ======================SpecOps ARMOR====================== -->

	<ThingDef ParentName="ArmorHelmetMakeableBase">
		<defName>SpecOpsHelm</defName>
		<label>SpecOps Helmet</label>
		<techLevel>Spacer</techLevel>
		<description>Only worn by the Spec Ops of units in the sangheili military, this helmet sports Top of the line Conenant engery shield protection from most forms of incoming damage.</description>
		<recipeMaker>
			<unfinishedThingDef>UnfinishedTechArmor</unfinishedThingDef>
			<researchPrerequisite>CovenantArmory</researchPrerequisite>
			<recipeUsers Inherit="False">
				<li>FabricationBench</li>
			</recipeUsers>
			<skillRequirements>
				<Crafting>13</Crafting>
			</skillRequirements>
		</recipeMaker>
		<statBases>
			<WorkToMake>24000</WorkToMake>
			<MaxHitPoints>175</MaxHitPoints>
			<Mass>1.8</Mass>
			<Flammability>0.4</Flammability>
			<ArmorRating_Sharp>1.35</ArmorRating_Sharp>
			<ArmorRating_Blunt>0.60</ArmorRating_Blunt>
			<ArmorRating_Heat>0.85</ArmorRating_Heat>
                        <Insulation_Cold>15</Insulation_Cold>
                        <Insulation_Heat>25</Insulation_Heat>
			<EquipDelay>2</EquipDelay>
		</statBases>
		<thingCategories Inherit="False">
			<li>Apparel</li>
		</thingCategories>
		<costList>
			<ComponentSpacer>2</ComponentSpacer>
			<Plasteel>50</Plasteel>
			<Uranium>10</Uranium>
		</costList>
		<graphicData>
			<texPath>Apparel/Ground/SpecOpsHelmet</texPath>
			<graphicClass>Graphic_Single</graphicClass>
			<drawSize>1.6</drawSize>
		</graphicData>
		<apparel>
			<bodyPartGroups>
				<li>FullHead</li>
			</bodyPartGroups>
			<wornGraphicPath>Apparel/SpecOpsHelm/SpecOpsHelm</wornGraphicPath>
			<layers>
				<li>Overhead</li>
			</layers>
			<tags>
				<li>SangheiliSpecOpsHelmet</li>
			</tags>
			<defaultOutfitTags>
				<li>SangheiliSpecOpsHelmet</li>
			</defaultOutfitTags>
		</apparel>
		<thingSetMakerTags>
			<li>RewardSpecial</li>
		</thingSetMakerTags>
	</ThingDef>

	<ThingDef ParentName="ArmorMakeableBaseCov">
		<defName>SpecOps</defName>
		<label>SpecOps Armor</label>
		<techLevel>Spacer</techLevel>
		<description>Only worn by the Spec Ops of units in the sangheili military, this Armor sports Top of the line Conenant engery shield protection from most forms of incoming damage.</description>
		<recipeMaker>
			<unfinishedThingDef>UnfinishedTechArmor</unfinishedThingDef>
			<researchPrerequisite>CovenantArmory</researchPrerequisite>
			<recipeUsers Inherit="False">
				<li>FabricationBench</li>
			</recipeUsers>
			<skillRequirements>
				<Crafting>13</Crafting>
			</skillRequirements>
		</recipeMaker>
		<statBases>
			<WorkToMake>50000</WorkToMake>
			<MaxHitPoints>400</MaxHitPoints>
			<Mass>5</Mass>
			<Flammability>0.4</Flammability>
			<ArmorRating_Sharp>1.5</ArmorRating_Sharp>
			<ArmorRating_Blunt>0.60</ArmorRating_Blunt>
			<ArmorRating_Heat>0.85</ArmorRating_Heat>
                        <Insulation_Cold>15</Insulation_Cold>
                        <Insulation_Heat>25</Insulation_Heat>
			<EquipDelay>5</EquipDelay>
		</statBases>
		<thingCategories Inherit="False">
			<li>Apparel</li>
		</thingCategories>
		<costList>
			<ComponentSpacer>5</ComponentSpacer>
			<Plasteel>175</Plasteel>
			<Uranium>25</Uranium>
		</costList>
		<graphicData>
			<texPath>Apparel/Ground/SpecOps</texPath>
			<graphicClass>Graphic_Single</graphicClass>
			<drawSize>1.6</drawSize>
		</graphicData>
		<apparel>
			<bodyPartGroups>
				<li>Torso</li>
				<li>Shoulders</li>
				<li>Arms</li>
				<li>Legs</li>
			</bodyPartGroups>
			<wornGraphicPath>Apparel/SpecOpsArmor/SpecOps</wornGraphicPath>
			<layers>
				<li>Shell</li>
				<li>Middle</li>
			</layers>
			<tags>
				<li>SangheiliSpecOpsArmor</li>
			</tags>
			<defaultOutfitTags>
				<li>SangheiliSpecOpsArmor</li>
			</defaultOutfitTags>
		</apparel>
                <tickerType>Normal</tickerType>
		<comps>
                  <li Class="VFECore.CompProperties_ShieldBubble">
                   <compClass>VFECore.CompShieldBubble</compClass>
                   <blockRangedAttack>true</blockRangedAttack>
                   <blockMeleeAttack>false</blockMeleeAttack>
                   <showWhenDrafted>false</showWhenDrafted>
                   <showOnHostiles>false</showOnHostiles>
                   <showOnNeutralInCombat>false</showOnNeutralInCombat>
                   <shieldTexPath>Other/ShieldBubble</shieldTexPath>
                   <EnergyShieldRechargeRate>0.48</EnergyShieldRechargeRate>
                   <EnergyShieldEnergyMax>180</EnergyShieldEnergyMax>
                   <minShieldSize>1.4</minShieldSize>
                   <maxShieldSize>1.8</maxShieldSize>
                  <disableRotation>true</disableRotation>
                  <chargeFullyWhenMade>true</chargeFullyWhenMade>
                </li>
		</comps>
		<thingSetMakerTags>
		  <li>RewardSpecial</li>
		</thingSetMakerTags>
  </ThingDef>


<!-- ======================ULTRA ARMOR====================== -->

	<ThingDef ParentName="ArmorHelmetMakeableBase">
		<defName>UltraHelm</defName>
		<label>Ultra Helmet</label>
		<techLevel>Spacer</techLevel>
		<description>Distinctive in shape and color, this helmet design is a symbol of a sangheili's abilites in battle. Only worn by the top tier of units in the sangheili military, this helmet sports Top of the line Conenant engery shield protection from most forms of incoming damage.</description>
		<recipeMaker>
			<unfinishedThingDef>UnfinishedTechArmor</unfinishedThingDef>
			<researchPrerequisite>CovenantArmory</researchPrerequisite>
			<recipeUsers Inherit="False">
				<li>FabricationBench</li>
			</recipeUsers>
			<skillRequirements>
				<Crafting>13</Crafting>
			</skillRequirements>
		</recipeMaker>
		<statBases>
			<WorkToMake>24000</WorkToMake>
			<MaxHitPoints>175</MaxHitPoints>
			<Mass>1.8</Mass>
			<Flammability>0.4</Flammability>
			<ArmorRating_Sharp>1.7</ArmorRating_Sharp>
			<ArmorRating_Blunt>0.90</ArmorRating_Blunt>
			<ArmorRating_Heat>0.85</ArmorRating_Heat>
                        <Insulation_Cold>15</Insulation_Cold>
                        <Insulation_Heat>25</Insulation_Heat>
			<EquipDelay>2</EquipDelay>
		</statBases>
		<thingCategories Inherit="False">
			<li>Apparel</li>
		</thingCategories>
		<costList>
			<ComponentSpacer>2</ComponentSpacer>
			<Plasteel>50</Plasteel>
			<Uranium>10</Uranium>
		</costList>
		<graphicData>
			<texPath>Apparel/Ground/UltraHelmet</texPath>
			<graphicClass>Graphic_Single</graphicClass>
			<drawSize>1.6</drawSize>
		</graphicData>
		<apparel>
			<bodyPartGroups>
				<li>FullHead</li>
			</bodyPartGroups>
			<wornGraphicPath>Apparel/UltraHelm/Ultrahelmet</wornGraphicPath>
			<layers>
				<li>Overhead</li>
			</layers>
			<tags>
				<li>SangheiliUltraHelmet</li>
			</tags>
			<defaultOutfitTags>
				<li>SangheiliUltraHelmet</li>
			</defaultOutfitTags>
		</apparel>
		<thingSetMakerTags>
			<li>RewardSpecial</li>
		</thingSetMakerTags>
	</ThingDef>

	<ThingDef ParentName="ArmorMakeableBaseCov">
		<defName>UltraArmor</defName>
		<label>Ultra Armor</label>
		<techLevel>Spacer</techLevel>
		<description>Distinctive in shape and color, this helmet design is a symbol of a sangheili's abilites in battle. Only worn by the top tier of units in the sangheili military, this helmet sports Top of the line Conenant engery shield protection from most forms of incoming damage.</description>
		<recipeMaker>
			<unfinishedThingDef>UnfinishedTechArmor</unfinishedThingDef>
			<researchPrerequisite>CovenantArmory</researchPrerequisite>
			<recipeUsers Inherit="False">
				<li>FabricationBench</li>
			</recipeUsers>
			<skillRequirements>
				<Crafting>13</Crafting>
			</skillRequirements>
		</recipeMaker>
		<statBases>
			<WorkToMake>50000</WorkToMake>
			<MaxHitPoints>400</MaxHitPoints>
			<Mass>5</Mass>
			<Flammability>0.4</Flammability>
			<ArmorRating_Sharp>1.15</ArmorRating_Sharp>
			<ArmorRating_Blunt>0.60</ArmorRating_Blunt>
			<ArmorRating_Heat>0.85</ArmorRating_Heat>
                        <Insulation_Cold>15</Insulation_Cold>
                        <Insulation_Heat>25</Insulation_Heat>
			<EquipDelay>5</EquipDelay>
		</statBases>
		<thingCategories Inherit="False">
			<li>Apparel</li>
		</thingCategories>
		<costList>
			<ComponentSpacer>5</ComponentSpacer>
			<Plasteel>175</Plasteel>
			<Uranium>25</Uranium>
		</costList>
		<graphicData>
			<texPath>Apparel/Ground/Ultra</texPath>
			<graphicClass>Graphic_Single</graphicClass>
			<drawSize>1.6</drawSize>
		</graphicData>
		<apparel>
			<bodyPartGroups>
				<li>Torso</li>
				<li>Shoulders</li>
				<li>Arms</li>
				<li>Legs</li>
			</bodyPartGroups>
			<wornGraphicPath>Apparel/UltraArmor/ULTA</wornGraphicPath>
			<layers>
				<li>Shell</li>
				<li>Middle</li>
			</layers>
			<tags>
				<li>SangheiliUltraArmor</li>
			</tags>
			<defaultOutfitTags>
				<li>SangheiliUltraArmor</li>
			</defaultOutfitTags>
		</apparel>
                <tickerType>Normal</tickerType>
		<comps>
                  <li Class="VFECore.CompProperties_ShieldBubble">
                   <compClass>VFECore.CompShieldBubble</compClass>
                   <blockRangedAttack>true</blockRangedAttack>
                   <blockMeleeAttack>false</blockMeleeAttack>
                   <showWhenDrafted>false</showWhenDrafted>
                   <showOnHostiles>false</showOnHostiles>
                   <showOnNeutralInCombat>false</showOnNeutralInCombat>
                   <shieldTexPath>Other/ShieldBubble</shieldTexPath>
                   <EnergyShieldRechargeRate>0.48</EnergyShieldRechargeRate>
                   <EnergyShieldEnergyMax>180</EnergyShieldEnergyMax>
                   <minShieldSize>1.4</minShieldSize>
                   <maxShieldSize>1.8</maxShieldSize>
                  <disableRotation>true</disableRotation>
                  <chargeFullyWhenMade>true</chargeFullyWhenMade>
                </li>
		</comps>
		<thingSetMakerTags>
		  <li>RewardSpecial</li>
		</thingSetMakerTags>
  </ThingDef>

<!-- ======================ZELAOT ARMOR====================== -->

	<ThingDef ParentName="ArmorHelmetMakeableBase">
		<defName>ZelaotHelm</defName>
		<label>Zelaot Helmet</label>
		<techLevel>Spacer</techLevel>
		<description>Distinctive in shape and color, this helmet design is a symbol of a sangheili's abilites in battle. Only worn by the top tier of units in the sangheili military, this helmet sports Top of the line Conenant engery shield protection from most forms of incoming damage.</description>
		<recipeMaker>
			<unfinishedThingDef>UnfinishedTechArmor</unfinishedThingDef>
			<researchPrerequisite>CovenantArmory</researchPrerequisite>
			<recipeUsers Inherit="False">
				<li>FabricationBench</li>
			</recipeUsers>
			<skillRequirements>
				<Crafting>13</Crafting>
			</skillRequirements>
		</recipeMaker>
		<statBases>
			<WorkToMake>24000</WorkToMake>
			<MaxHitPoints>175</MaxHitPoints>
			<Mass>1.8</Mass>
			<Flammability>0.4</Flammability>
			<ArmorRating_Sharp>1.35</ArmorRating_Sharp>
			<ArmorRating_Blunt>0.60</ArmorRating_Blunt>
			<ArmorRating_Heat>0.85</ArmorRating_Heat>
                        <Insulation_Cold>15</Insulation_Cold>
                        <Insulation_Heat>25</Insulation_Heat>
			<EquipDelay>2</EquipDelay>
		</statBases>
		<thingCategories Inherit="False">
			<li>Apparel</li>
		</thingCategories>
		<costList>
			<ComponentSpacer>2</ComponentSpacer>
			<Plasteel>50</Plasteel>
			<Uranium>10</Uranium>
		</costList>
		<graphicData>
			<texPath>Apparel/Ground/ZelaotHelmet</texPath>
			<graphicClass>Graphic_Single</graphicClass>
			<drawSize>1.6</drawSize>
		</graphicData>
		<apparel>
			<bodyPartGroups>
				<li>FullHead</li>
			</bodyPartGroups>
			<wornGraphicPath>Apparel/Zelaot/ZelaotHelm</wornGraphicPath>
			<layers>
				<li>Overhead</li>
			</layers>
			<tags>
				<li>SangheiliZelaotHelmet</li>
			</tags>
			<defaultOutfitTags>
				<li>SangheiliZelaotHelmet</li>
			</defaultOutfitTags>
		</apparel>
		<thingSetMakerTags>
			<li>RewardSpecial</li>
		</thingSetMakerTags>
	</ThingDef>

	<ThingDef ParentName="ArmorMakeableBaseCov">
		<defName>ZelaotArmor</defName>
		<label>Zelaot Armor</label>
		<techLevel>Spacer</techLevel>
		<description>Distinctive in shape and color, this helmet design is a symbol of a sangheili's abilites in battle. Only worn by the top tier of units in the sangheili military, this helmet sports Top of the line Conenant engery shield protection from most forms of incoming damage.</description>
		<recipeMaker>
			<unfinishedThingDef>UnfinishedTechArmor</unfinishedThingDef>
			<researchPrerequisite>CovenantArmory</researchPrerequisite>
			<recipeUsers Inherit="False">
				<li>FabricationBench</li>
			</recipeUsers>
			<skillRequirements>
				<Crafting>13</Crafting>
			</skillRequirements>
		</recipeMaker>
		<statBases>
			<WorkToMake>50000</WorkToMake>
			<MaxHitPoints>400</MaxHitPoints>
			<Mass>5</Mass>
			<Flammability>0.4</Flammability>
			<ArmorRating_Sharp>1.35</ArmorRating_Sharp>
			<ArmorRating_Blunt>0.60</ArmorRating_Blunt>
			<ArmorRating_Heat>0.85</ArmorRating_Heat>
                        <Insulation_Cold>15</Insulation_Cold>
                        <Insulation_Heat>25</Insulation_Heat>
			<EquipDelay>5</EquipDelay>
		</statBases>
		<thingCategories Inherit="False">
			<li>Apparel</li>
		</thingCategories>
		<costList>
			<ComponentSpacer>5</ComponentSpacer>
			<Plasteel>175</Plasteel>
			<Uranium>25</Uranium>
		</costList>
		<graphicData>
			<texPath>Apparel/Ground/Zelaot</texPath>
			<graphicClass>Graphic_Single</graphicClass>
			<drawSize>1.6</drawSize>
		</graphicData>
		<apparel>
			<bodyPartGroups>
				<li>Torso</li>
				<li>Shoulders</li>
				<li>Arms</li>
				<li>Legs</li>
			</bodyPartGroups>
			<wornGraphicPath>Apparel/Zelaot/ZelaotArmor</wornGraphicPath>
			<layers>
				<li>Shell</li>
				<li>Middle</li>
			</layers>
			<tags>
				<li>SangheiliZelaotArmor</li>
			</tags>
			<defaultOutfitTags>
				<li>SangheiliZelaotArmor</li>
			</defaultOutfitTags>
		</apparel>
                <tickerType>Normal</tickerType>
		<comps>
                  <li Class="VFECore.CompProperties_ShieldBubble">
                   <compClass>VFECore.CompShieldBubble</compClass>
                   <blockRangedAttack>true</blockRangedAttack>
                   <blockMeleeAttack>true</blockMeleeAttack>
                   <showWhenDrafted>false</showWhenDrafted>
                   <showOnHostiles>false</showOnHostiles>
                   <showOnNeutralInCombat>false</showOnNeutralInCombat>
                   <shieldTexPath>Other/ShieldBubble</shieldTexPath>
                   <EnergyShieldRechargeRate>0.50</EnergyShieldRechargeRate>
                   <EnergyShieldEnergyMax>190</EnergyShieldEnergyMax>
                   <minShieldSize>1.4</minShieldSize>
                   <maxShieldSize>1.8</maxShieldSize>
                  <disableRotation>true</disableRotation>
                  <chargeFullyWhenMade>true</chargeFullyWhenMade>
                </li>
		</comps>
		<thingSetMakerTags>
		  <li>RewardSpecial</li>
		</thingSetMakerTags>
  </ThingDef>

<!-- ======================General ARMOR====================== -->

	<ThingDef ParentName="ArmorHelmetMakeableBase">
		<defName>GenHelm</defName>
		<label>General Helmet</label>
		<techLevel>Spacer</techLevel>
		<description>Distinctive in shape and color, this helmet design is a symbol of a sangheili's abilites in battle. Only worn by the top tier of units in the sangheili military, this helmet sports Top of the line Conenant engery shield protection from most forms of incoming damage.</description>
		<recipeMaker>
			<unfinishedThingDef>UnfinishedTechArmor</unfinishedThingDef>
			<researchPrerequisite>CovenantArmory</researchPrerequisite>
			<recipeUsers Inherit="False">
				<li>FabricationBench</li>
			</recipeUsers>
			<skillRequirements>
				<Crafting>13</Crafting>
			</skillRequirements>
		</recipeMaker>
		<statBases>
			<WorkToMake>24000</WorkToMake>
			<MaxHitPoints>175</MaxHitPoints>
			<Mass>1.8</Mass>
			<Flammability>0.4</Flammability>
			<ArmorRating_Sharp>1.45</ArmorRating_Sharp>
			<ArmorRating_Blunt>0.65</ArmorRating_Blunt>
			<ArmorRating_Heat>0.85</ArmorRating_Heat>
                        <Insulation_Cold>15</Insulation_Cold>
                        <Insulation_Heat>25</Insulation_Heat>
			<EquipDelay>2</EquipDelay>
		</statBases>
		<thingCategories Inherit="False">
			<li>Apparel</li>
		</thingCategories>
		<costList>
			<ComponentSpacer>2</ComponentSpacer>
			<Plasteel>50</Plasteel>
			<Uranium>10</Uranium>
		</costList>
		<graphicData>
			<texPath>Apparel/Ground/GenHelmet</texPath>
			<graphicClass>Graphic_Single</graphicClass>
			<drawSize>1.6</drawSize>
		</graphicData>
		<apparel>
			<bodyPartGroups>
				<li>FullHead</li>
			</bodyPartGroups>
			<wornGraphicPath>Apparel/GenHelm/GenHelmet</wornGraphicPath>
			<layers>
				<li>Overhead</li>
			</layers>
			<tags>
				<li>SangheiliGenHelmet</li>
			</tags>
			<defaultOutfitTags>
				<li>SangheiliGenHelmet</li>
			</defaultOutfitTags>
		</apparel>
		<thingSetMakerTags>
			<li>RewardSpecial</li>
		</thingSetMakerTags>
	</ThingDef>

	<ThingDef ParentName="ArmorMakeableBaseCov">
		<defName>GenArmor</defName>
		<label>General Armor</label>
		<techLevel>Spacer</techLevel>
		<description>Distinctive in shape and color, this helmet design is a symbol of a sangheili's abilites in battle. Only worn by the top tier of units in the sangheili military, this helmet sports Top of the line Conenant engery shield protection from most forms of incoming damage.</description>
		<recipeMaker>
			<unfinishedThingDef>UnfinishedTechArmor</unfinishedThingDef>
			<researchPrerequisite>CovenantArmory</researchPrerequisite>
			<recipeUsers Inherit="False">
				<li>FabricationBench</li>
			</recipeUsers>
			<skillRequirements>
				<Crafting>13</Crafting>
			</skillRequirements>
		</recipeMaker>
		<statBases>
			<WorkToMake>50000</WorkToMake>
			<MaxHitPoints>400</MaxHitPoints>
			<Mass>5</Mass>
			<Flammability>0.4</Flammability>
			<ArmorRating_Sharp>1.55</ArmorRating_Sharp>
			<ArmorRating_Blunt>1.60</ArmorRating_Blunt>
			<ArmorRating_Heat>0.95</ArmorRating_Heat>
                        <Insulation_Cold>15</Insulation_Cold>
                        <Insulation_Heat>25</Insulation_Heat>
			<EquipDelay>5</EquipDelay>
		</statBases>
		<thingCategories Inherit="False">
			<li>Apparel</li>
		</thingCategories>
		<costList>
			<ComponentSpacer>5</ComponentSpacer>
			<Plasteel>175</Plasteel>
			<Uranium>25</Uranium>
		</costList>
		<graphicData>
			<texPath>Apparel/Ground/Gen</texPath>
			<graphicClass>Graphic_Single</graphicClass>
			<drawSize>1.6</drawSize>
		</graphicData>
		<apparel>
			<bodyPartGroups>
				<li>Torso</li>
				<li>Shoulders</li>
				<li>Arms</li>
				<li>Legs</li>
			</bodyPartGroups>
			<wornGraphicPath>Apparel/GenArmor/Gen</wornGraphicPath>
			<layers>
				<li>Shell</li>
				<li>Middle</li>
			</layers>
			<tags>
				<li>SangheiliGenArmor</li>
			</tags>
			<defaultOutfitTags>
				<li>SangheiliGenArmor</li>
			</defaultOutfitTags>
		</apparel>
                <tickerType>Normal</tickerType>
		<comps>
                  <li Class="VFECore.CompProperties_ShieldBubble">
                   <compClass>VFECore.CompShieldBubble</compClass>
                   <blockRangedAttack>true</blockRangedAttack>
                   <blockMeleeAttack>true</blockMeleeAttack>
                   <showWhenDrafted>false</showWhenDrafted>
                   <showOnHostiles>false</showOnHostiles>
                   <showOnNeutralInCombat>false</showOnNeutralInCombat>
                   <shieldTexPath>Other/ShieldBubble</shieldTexPath>
                   <EnergyShieldRechargeRate>0.50</EnergyShieldRechargeRate>
                   <EnergyShieldEnergyMax>200</EnergyShieldEnergyMax>
                   <minShieldSize>1.4</minShieldSize>
                   <maxShieldSize>1.8</maxShieldSize>
                  <disableRotation>true</disableRotation>
                  <chargeFullyWhenMade>true</chargeFullyWhenMade>
                </li>
		</comps>
		<thingSetMakerTags>
		  <li>RewardSpecial</li>
		</thingSetMakerTags>
  </ThingDef>

</Defs>